商家名稱,地址,營業電話,營業時間,網址,描述,類別
EventPal 活動咖運動報名平台(聯網國際資訊股份有限公司士林所),111 臺北市士林區中正路600號1樓,營業電話：02-28160188,營業時間：09:00 ~ 18:00,https://www.eventpal.com.tw/FOAS/actions/ActivityIndex.action?showTabContent&seqno=ae7bc710-94b4-4de9-837d-2d098b90ee04,活動咖 EventPal - 路跑健身馬拉松、運動報名網、擁有全方位防疫賽事、線上訓練報名與線上跑平台。您手中動滋券的最佳去處，快來使用動滋券參加2022西螺太平媽動滋祈步走，除了獲得太平媽祈福金、招財錢母，專屬太平媽祈福禮袋外，現場還有豐富園遊活動及大獎摸彩，不來可惜，快按上面網址來報名!! 動滋券適用品項：戶外運動類_馬拉松/路跑,動滋券適用品項：戶外運動類_馬拉松/路跑
中華民國健身運動協會,104 臺北市中山區民權東路二段206號6樓之1,營業電話：0225030502,營業時間：10:00~17:00,https://www.exercise.org.tw/,本會成立於民國91年11月9日至今致力於推廣全民健身運動，以健康、服務、生活為宗旨達成人人運動、時時運動、處處運動的目標。推廣項目以社區健走教室、居家運動影片、職場體能促進與培訓研習認證四大面向，走入社區、居家、職場及學校，拉近運動與生活的距離。推廣內容包括減重、塑身、紓壓與健康等，希望能夠建立民眾正確的運動觀念，培養規律運動的習慣。 動滋券適用品項：,
Curves可爾姿北投店,112 臺北市北投區磺港路8號4樓、8-1號4樓,營業電話：0228936585,營業時間：請見官網上公告之營業時間,https://www.curves.com.tw/,"Curves是專為女性設計的30分鐘環狀運動。 我們提供給女性簡單、快速又有效的運動方式， 透過有氧+肌力+伸展三合一的完整訓練， 在女性教練的陪伴之下，輕鬆養成運動習慣， 讓妳更健康、更自信、更快樂 ，是妳開始運動的第一選擇。 *免費預約體驗 https://www.curves.com.tw/ *免費預約專線 02-2893-6585 *請提前主動告知使用""政府優惠券"", 店家保留最終活動抵扣服務、商品之解釋權利。 動滋券適用品項：運動場館-健身",
好好表現運動工作室,106 臺北市大安區建國南路一段356號2樓,營業電話：0961351666,營業時間：09:00-21:00,https://accessibility.moda.gov.tw/Applications/Detail?category=20220622172837,"主要內容前往主要內容
			
			
				
					
						
							
								
									
									動滋網
								
							
						
					
					
						
							
								
									
										
											 首頁首頁
											
											動滋說明動滋說明
											合作店家合作店家
											我的青春動滋券我的青春動滋券
											網站導覽網站導覽
											|
											優惠店家專區優惠店家專區
											課程專區課程專區
											合作店家登入合作店家登入
											
											合作店家收券掃票機
										
									
								
								
									主選單",
YOUTH Fitness & Yoga,114 臺北市內湖區瑞光路550號1樓,營業電話：87733833,營業時間：7am-11pm,https://accessibility.moda.gov.tw/Applications/Detail?category=20220622172837,位於台北內湖科學園區的時尚尊寵健身瑜珈館， 為連結數位網絡與行動智慧的趨勢健身新指標！ 打造明亮寬敞的環境與五星衛浴空間、 擁有資歷豐富的專業健身教練與老師、 也特別規劃了純粹優質的健康餐飲吧。 少了坊間中小型工作室與俱樂部的狹隘壓迫、 更有效減少市面上連鎖健身中心的擁擠人潮； 提供給內湖科學園區內熱愛運動的上班族們、 以及居住內湖大直一帶的高品味民眾， 一個從裡到外一應俱全的複合式健身瑜珈館！ 動滋券適用品項：,
角．攀岩館 華山店 CORNER Bouldering Gym Huashan,104 臺北市中山區台北市中山區新生北路一段86號1樓,營業電話：0225633749,營業時間：平日：10:00-23:00、假日：09:00-21:00,https://accessibility.moda.gov.tw/Applications/Detail?category=20220622172837,"主要內容前往主要內容
			
			
				
					
						
							
								
									
									動滋網
								
							
						
					
					
						
							
								
									
										
											 首頁首頁
											
											動滋說明動滋說明
											合作店家合作店家
											我的青春動滋券我的青春動滋券
											網站導覽網站導覽
											|
											優惠店家專區優惠店家專區
											課程專區課程專區
											合作店家登入合作店家登入
											
											合作店家收券掃票機
										
									
								
								
									主選單",動滋券適用品項：戶外運動類_攀岩
Goal Fitness 走！健身,106 臺北市大安區大安路一段85號2樓,營業電話：0287720722,營業時間：12:00-21:00,https://www.instagram.com/goalfitness_tw/,有溫度， 是我們創辦的初衷。 一直以來都希望能帶給每一位來運動的朋友們， 一個歸屬感。 因此，希望到來這的你/妳們，都能感受到人與人之間的溫度，溫暖且真實。 動滋券適用品項：,
WellSpace 唯爾運動,105 臺北市松山區南京東路四段137號7樓,營業電話：0227121118,營業時間：09:30~21:30,http://www.wellspace.com.tw/,唯爾Wellspace品牌理念是「守護」 致力於讓各個年齡層的運動者 能自在地享受運動的美好和樂趣 🔸專攻：器械/墊上彼拉提斯、泰拳、重量訓練 🔸1對1、1對2教練指導課 🔸3-6小班團體課、團體包班 協助運動成為日常生活中的既定慣例 守護讓學員越活越有力、越動越精彩，我們一切努力「well」你 動滋券適用品項：,
BTB STUDIO X HERBAR,台北市大安區大安路一段83巷7號1樓,營業電話：0266050680,營業時間：10:00-20:00,https://www.instagram.com/btbherbar/,我們致力於推廣運動與營養的結合，將規律運動的好習慣搭配輕食餐點，協助每一個人變得更健康、更快樂。 動滋券適用品項：,
5+7 十二號空間,116 臺北市文山區指南路二段12號2樓,營業電話：0939973937,營業時間：詳見課表,https://accessibility.moda.gov.tw/Applications/Detail?category=20220622172837,"主要內容前往主要內容
			
			
				
					
						
							
								
									
									動滋網
								
							
						
					
					
						
							
								
									
										
											 首頁首頁
											
											動滋說明動滋說明
											合作店家合作店家
											我的青春動滋券我的青春動滋券
											網站導覽網站導覽
											|
											優惠店家專區優惠店家專區
											課程專區課程專區
											合作店家登入合作店家登入
											
											合作店家收券掃票機
										
									
								
								
									主選單",
瑜珈樹,114 臺北市內湖區內湖路一段604號2樓,營業電話：0226581727,營業時間：10：00-21：00,https://accessibility.moda.gov.tw/Applications/Detail?category=20220622172837,內湖港墘站的瑜珈樹小工作室，有一般瑜珈，空中瑜珈，皮拉提斯，香氛課程，trx，zumba多種課程選擇 動滋券適用品項：,
curves 可爾姿 建國長春店,104 臺北市中山區建國北路二段74號3F,營業電話：0225152827,營業時間：請見官網上之營業時間,https://www.curves.com.tw/,"Curves是專為女性設計的30分鐘環狀運動。 我們提供給女性簡單、快速又有效的運動方式， 透過有氧+肌力+伸展三合一的完整訓練， 在女性教練的陪伴之下，輕鬆養成運動習慣， 讓妳更健康、更自信、更快樂 ，是妳開始運動的第一選擇。 *免費預約體驗 https://www.curves.com.tw/ *免費預約專線 (分店電話) *請提前主動告知使用""政付優惠券"", 店家保留最終活動抵扣服務、商品之解釋權利。 動滋券適用品項：",
IN GYM 樂康健身俱樂部文山館,116 臺北市文山區景隆街36巷2號2樓,營業電話：0286632618,營業時間：AM 7:00  -  PM 11:00,https://ingym.com.tw/wen/index_wen.html,本館位於台北市文山區，是一間身處文教區的健身房。有別於一般健身房的昏暗風格，IN GYM將第一間場館設置在四周都是對外落地窗的二樓空間，以450坪的大小來打造寬敞、舒適又明亮的運動環境。場館內設有自由重量訓練區、固定式器材訓練區、多功能綜合訓練區、心肺訓練區以及團體課程教室，提供會員種類多元的訓練器材及空間，營造健康優質的運動環境。 動滋券適用品項：運動場館-健身,
彼拉提斯公司 KX Pilates 內湖店,114 臺北市內湖區成功路四段6號2樓,營業電話：0227929968,營業時間：早上10點至晚間8點,https://kxpilates.com.tw/,"座落於台北人的後花園，坐擁自然美景依山傍水，鄰近內湖捷運站交通便捷，生活機能優異，KX引進全球流行的動態彼拉提斯核心床訓練，為保障學員上課品質及安全, 課程採一人一床預約制，全課程由KX Academy培訓認證且教學經驗豐富的KX Pilates師資團隊授課，店內提供舒適淋浴間及廁所、置物櫃、吹風機等，讓你輕鬆運動，享受全身性訓練的暢快，邀請您一同感受KX彼拉提斯核心床的魅力！ 動滋券適用品項：運動場館-健身",
戀依佳瑜珈工作室,104 臺北市中山區民權西路70號5樓之1,營業電話：0225216365,營業時間：週一至週日/07:00-21:00,https://accessibility.moda.gov.tw/Applications/Detail?category=20220622172837,戀依佳瑜珈教室是一間在民權西路站旁邊的瑜珈教室，承接各個年齡層的瑜珈練習者。 戀依佳的宗旨就是希望大家能夠快樂的練瑜珈，歡迎初學者與資深練習者們一起練習。 動滋券適用品項：,
Waypoint作伙-WP ZouHui,106 臺北市大安區和平東路二段46巷11號1樓,營業電話：0227366027,營業時間：08:00~20:00,https://accessibility.moda.gov.tw/Applications/Detail?category=20220622172837,以持續多變(Constantly Varied)、高強度(high Intensity)、實用性動作(Functional Movement)三大原則來帶給您日常生活必備的強健。 動滋券適用品項：運動場館-瑜珈,
舞動陽光博愛國小運動中心,110 臺北市信義區安康里松仁路９５巷２０號,營業電話：0287892525,營業時間：周一至周五>18:00-22:00    周六及周日>08:00-22:00,https://accessibility.moda.gov.tw/Applications/Detail?category=20220622172837,室內溫水游泳池全年對外開放 運動中心內綜合球場可租賃羽球、排球、足球、籃球、桌球與企業運動會、畢業典禮等運動場地租借活動。 動滋券適用品項：,
臺北市體育總會武術國術協會,106 臺北市大安區和平東路三段11號B1樓,營業電話：0227062300,營業時間：0930～1730（星期一～星期五）0900～1200（星期六～星期日）,http://www.wushu.org.tw/,「中華武術研究發展協會&臺北市體育總會武術國術協會&臺北市武術協會聯合辦公室」 這是一個讓所以武術同好們能暢所欲言、相互交流的地方!! 動滋券適用品項：,
ISPORTS愛健身俱樂部,100 臺北市中正區仁愛路一段38號1樓,營業電話：0223939933,營業時間：12:00~23:00,https://accessibility.moda.gov.tw/Applications/Detail?category=20220622172837,ISPORTS愛健身俱樂部是新形態精品中型健身房，有別於其他健身房型態！ 我們以用心經營的態度為消費者營造更完善的休閒體驗，讓消費者感受到賓至如歸。 動滋券適用品項：,
Yogiocean,104 臺北市中山區松江路315號4樓,營業電話：0225169991,營業時間：0900~2100,https://accessibility.moda.gov.tw/Applications/Detail?category=20220622172837,"主要內容前往主要內容
			
			
				
					
						
							
								
									
									動滋網
								
							
						
					
					
						
							
								
									
										
											 首頁首頁
											
											動滋說明動滋說明
											合作店家合作店家
											我的青春動滋券我的青春動滋券
											網站導覽網站導覽
											|
											優惠店家專區優惠店家專區
											課程專區課程專區
											合作店家登入合作店家登入
											
											合作店家收券掃票機
										
									
								
								
									主選單",
諧動健康科技股份有限公司大安分公司,106 臺北市大安區信義路二段７４號１０樓,營業電話：0223569462,營業時間：08:00-22:00,https://accessibility.moda.gov.tw/Applications/Detail?category=20220622172837,1. 科學化重訓 2. 體態雕塑 3. 功能性訓練 3. 柔軟體操 4. 運動整復 5. 客製化1對1～3課程與小班制團體課以及企業包班 動滋券適用品項：運動場館-健身,
SWeet*慢走體適能,111 臺北市士林區中山北路六段284號,營業電話：0228386603,營業時間：週一～週五9:00-22:00/週六、日10:00-18:00,https://accessibility.moda.gov.tw/Applications/Detail?category=20220622172837,您好，我們是Sweet*慢走 慢走提供專業體適能課程 以及其他多元的運動課程 享受運動帶來的身體變化 好的體態陪你活得更有自信 好的身體陪你走過更多精彩 Slowly Walk & Enjoy Every Time 動滋券適用品項：,
Curves可爾姿女性30分鐘運動中心 社子延北店,111 臺北市士林區延平北路5段307號2樓,營業電話：0228133066,營業時間：運動指導及服務週一至週五 14:30~20:30; 週六 10:00~13:00,https://accessibility.moda.gov.tw/Applications/Detail?category=20220622172837,"Curves是專為女性設計的30分鐘環狀運動，結合有氧、肌力、伸展三合一的完整訓練，我們承諾提供一個充滿愛與支持的環境，從運動開始，讓所有接觸到Curves的人，勇於蛻變綻放價值。 動滋券適用品項：運動場館-綜合運動中心,運動保健",
體線運動,105 臺北市松山區南京東路4段186號6樓之9,營業電話：0227488928,營業時間：9:00~19:00,https://accessibility.moda.gov.tw/Applications/Detail?category=20220622172837,"普拉提全器械教室,一對一和團體課程，開放線上預約 配置專屬休息區、微波爐、冰箱、咖啡機、置物櫃、逆滲透飲水機。 動滋券適用品項：",
BELIEF IT運動工作室,116 臺北市文山區和平東路四段389號1樓,營業電話：0222309008,營業時間：週一至週六 08:00-22:00 週日公休,https://accessibility.moda.gov.tw/Applications/Detail?category=20220622172837,"主要內容前往主要內容
			
			
				
					
						
							
								
									
									動滋網
								
							
						
					
					
						
							
								
									
										
											 首頁首頁
											
											動滋說明動滋說明
											合作店家合作店家
											我的青春動滋券我的青春動滋券
											網站導覽網站導覽
											|
											優惠店家專區優惠店家專區
											課程專區課程專區
											合作店家登入合作店家登入
											
											合作店家收券掃票機
										
									
								
								
									主選單",
Air fitness,110 臺北市信義區信義路3段3號2樓之1,營業電話：0227099469,營業時間：09:00-21:00,https://accessibility.moda.gov.tw/Applications/Detail?category=20220622172837,"主要內容前往主要內容
			
			
				
					
						
							
								
									
									動滋網
								
							
						
					
					
						
							
								
									
										
											 首頁首頁
											
											動滋說明動滋說明
											合作店家合作店家
											我的青春動滋券我的青春動滋券
											網站導覽網站導覽
											|
											優惠店家專區優惠店家專區
											課程專區課程專區
											合作店家登入合作店家登入
											
											合作店家收券掃票機
										
									
								
								
									主選單",
anytime fitness信義安和店,106 臺北市大安區信義路四段279號B1,營業電話：0227032803,營業時間：24小時,https://www.instagram.com/afxinyi_anhe/,在你快速的步調與忙碌的生活中，我們能夠滿足你的需求，你可以在適合自己的時間隨時運動，無論是清晨或是深夜！我們的健身房每個星期 7 天，每天 24 小時的營業，全年無休。 動滋券適用品項：,
完美線條,106 臺北市大安區忠孝東路四段170巷6弄5號2F,營業電話：0918094746,營業時間：09:30~21:30,https://accessibility.moda.gov.tw/Applications/Detail?category=20220622172837,我們是位於忠孝敦化的跳床運動教室 想知道明星們維持身材的秘密🤔 全身燃脂跳床運動 適合5種人： ♥️可以讓你身形變小，大腿🦵變細 ♥️想瘦快一點點的人 ♥️沒有時間運動的人 ♥️吃貨 ♥️喜歡流汗的人 動滋券適用品項：,
中國青年救國團臺北市中山運動中心,104 臺北市中山區臺北市 中山區 中山北路２段４４巷２號,營業電話：0225811060,營業時間：0600-2200,https://cssc.cyc.org.tw/,"臺北市中山運動中心係臺北市政府為提升市民健康體能、打造健康城市政策、養成市民終身運動習慣，達到全民運動目的所興建的第一座市民運動中心 動滋券適用品項：運動場館-瑜珈,運動場館-綜合運動中心,球類_羽球,球類_籃/排球,水域運動_游泳","動滋券適用品項：運動場館-瑜珈,運動場館-綜合運動中心,球類_羽球,球類_籃/排球,水域運動_游泳"
【綺迪樂】文創親子桌遊,104 臺北市中山區建國北路２段90號5樓,營業電話：0225033333,營業時間：平日8:00-1700,https://www.kiddykiddo.com/,綺迪樂益智棋類、卡牌、桌遊規則簡單易懂，富含教育意義、歡樂刺激、人與人趣味互動! 可以邊玩邊學讓多位職能治療師、學校、兒科醫生推薦綺迪樂商品，很適合親子、朋友、樂齡等朋友一起同樂! 動滋券適用品項：,
波特棒球學苑,104 臺北市中山區長安東路二段81號12樓,營業電話：0225032281,營業時間：10：00-19：00,https://accessibility.moda.gov.tw/Applications/Detail?category=20220622172837,"主要內容前往主要內容
			
			
				
					
						
							
								
									
									動滋網
								
							
						
					
					
						
							
								
									
										
											 首頁首頁
											
											動滋說明動滋說明
											合作店家合作店家
											我的青春動滋券我的青春動滋券
											網站導覽網站導覽
											|
											優惠店家專區優惠店家專區
											課程專區課程專區
											合作店家登入合作店家登入
											
											合作店家收券掃票機
										
									
								
								
									主選單",
給力健身有限公司火山店,103 臺北市大同區南京西路76號地下B1,營業電話：0225588882,營業時間：24HR,https://accessibility.moda.gov.tw/Applications/Detail?category=20220622172837,"24HR不打烊,不綁約,不綁卡,不用入會費,不綁卡用完再買就好,不綁約可自由轉換入場收費方式,不用入會費只需APP申辦開通入場,APP$100(終身只需付一次) 動滋券適用品項：",
金蘋果樹舞蹈工作室,106 臺北市大安區延吉街240-1號B1,營業電話：0227088011,營業時間：10:00-22:00,http://www.gatdancestudio.com/,"專注於兒童街舞教育及場地租借的環境,坐落於台北市中心信義延吉一帶 核心理念： 1. 提供優質的教室場租環境 2. 集結與我們有共同理念的老師 3. 以品格 創造力 技巧為主要核心價值 4. 中英文雙語教學 5. 與家長一同監督與打造最優質的教學方針 動滋券適用品項：",
練一下,114 臺北市內湖區成功路三段145號B1,營業電話：0227996667,營業時間：平日：07:00-24:00、假日：08:00-24:00,https://accessibility.moda.gov.tw/Applications/Detail?category=20220622172837,"主要內容前往主要內容
			
			
				
					
						
							
								
									
									動滋網
								
							
						
					
					
						
							
								
									
										
											 首頁首頁
											
											動滋說明動滋說明
											合作店家合作店家
											我的青春動滋券我的青春動滋券
											網站導覽網站導覽
											|
											優惠店家專區優惠店家專區
											課程專區課程專區
											合作店家登入合作店家登入
											
											合作店家收券掃票機
										
									
								
								
									主選單",
WELLGYM,111 臺北市士林區臺北市 士林區 天福里天母東路５０巷８號１．２樓,營業電話：0228722127,營業時間：12:00-21:00,https://accessibility.moda.gov.tw/Applications/Detail?category=20220622172837,WELLGYM是由私人教練、物理治療師與護理師組成的團隊。 私人教練具備美國運動醫學會(ACSM)、美國國家運動醫學會(NASM)、美國國家肌力與體能協會(NSCA)及美國運動委員會(ACE)的認證。 物理治療師於英國倫敦大學學院取得運動醫學碩士及台大物理治療學系畢業。 護理師於長庚科技大學護理系畢業，取得高考護理師執照、急診外傷訓練（ETTC)證照、高級心臟血管救命術（ACLS)證照、基本生命救命術(BLS)證照；內外科病房經驗8年，取得N3臨床能力進階。 動滋券適用品項：,
國立臺北教育大學泳健館,106 臺北市大安區和平東路２段１３４號,營業電話：0227373378,營業時間：06：00AM~22：00PM,https://accessibility.moda.gov.tw/Applications/Detail?category=20220622172837,國立臺北教育大學泳健館為恆動力有限公司所經營，館內有標準池：50公尺長、6條水道寬、140公分深，兒童戲水池：適合學齡前(7歲以下)兒童玩水用，三種SPA、男女蒸氣室及烤箱，多功能教室，戶外運動平台等相關運動空間，定期舉辦多元豐富的相關課程，邀請愛運動的您一同參與！ 動滋券適用品項：,
瑜伽之光-艾揚格瑜伽-北投館,112 臺北市北投區新市街２２－１號二樓,營業電話：0958000651,營業時間：09:00-21:00,https://accessibility.moda.gov.tw/Applications/Detail?category=20220622172837,在溫泉城市北投市場裡的一個專業艾揚格瑜伽教室，歡迎大家一起來練習! 艾揚格瑜伽(Iyengar Yoga)是一個由B.K.S. Iyengar創辦且全球知名的瑜伽流派。,
覺觀射藝-西湖射箭場,114 臺北市內湖區內湖路一段91巷163號,營業電話：0226570029,營業時間：10:00-22:00,http://www.archeryfun.com.tw/,我團隊是由一群射箭愛好者組成，成員多為各方射手。為奠定日後永續基礎，我團隊秉持以商業收益和訓練分享平行前進，作為營運計劃設計之骨幹。歡迎公司團體活動、 '家庭日活動、團隊建立訓練、會議活動訓練，專業隊伍移訓，場地離文湖線西湖捷運站步行15分鐘，可直接驅車抵達。 動滋券適用品項：,
親山水工作室,103 臺北市大同區臺北市 大同區 老師里延平北路４段１７９巷８號,營業電話：0225520133,營業時間：9:00~17:30,https://waterwu.com/,"主要內容前往主要內容
			
			
				
					
						
							
								
									
									動滋網
								
							
						
					
					
						
							
								
									
										
											 首頁首頁
											
											動滋說明動滋說明
											合作店家合作店家
											我的青春動滋券我的青春動滋券
											網站導覽網站導覽
											|
											優惠店家專區優惠店家專區
											課程專區課程專區
											合作店家登入合作店家登入
											
											合作店家收券掃票機
										
									
								
								
									主選單",
NOKE 忠泰樂生活-極光冰場與樂酷雪場,104 臺北市中山區樂群三路200號,營業電話：0285015999,營業時間：AM11:00-PM22:00,https://noke.jutretail.com.tw,"主要內容前往主要內容
			
			
				
					
						
							
								
									
									動滋網
								
							
						
					
					
						
							
								
									
										
											 首頁首頁
											
											動滋說明動滋說明
											合作店家合作店家
											我的青春動滋券我的青春動滋券
											網站導覽網站導覽
											|
											優惠店家專區優惠店家專區
											課程專區課程專區
											合作店家登入合作店家登入
											
											合作店家收券掃票機
										
									
								
								
									主選單",
有誼撞球運動館,110 臺北市信義區忠孝東路五段669號B1,營業電話：0287852797,營業時間：AM11:00~PM00:00,https://accessibility.moda.gov.tw/Applications/Detail?category=20220622172837,每天忙碌的生活~需要好好的運動舒展讓身心健康得以平衡~ 提供給熱愛撞球的朋友一個舒適打球的場所!! 動滋券適用品項：,
中華職業棒球大聯盟,105 臺北市松山區八德路三段32號2樓,營業電話：0225776992,營業時間：09:00-19:00,https://www.cpbl.com.tw/,中華職業棒球大聯盟（CPBL，英文全稱為Chinese Professional Baseball League，簡稱中華職棒大聯盟或中華職棒）是於2003年由「中華職棒聯盟」與「台灣大聯盟」兩職業聯盟合併而改制。 1989年中華職棒聯盟成立，1990年03月17日中華職棒開幕戰開打，正式宣告台灣進入職棒元年。 動滋券適用品項：球類_棒/壘球,動滋券適用品項：球類_棒/壘球
社團法人中華民國國際運動舞蹈發展協會,106 臺北市大安區忠孝東路四段176號12樓,營業電話：0287732658,營業時間：10:00~17:00,https://www.tisdda.org/,">> 藉由舉辦 "" 2/28 國標舞亞巡賽-臺北公開賽"" 讓世界看見台灣 >> 協會向上發展舉辦大型國際賽會 - 2/28 國標舞亞巡賽-臺北公開賽，透過賽會讓臺灣選手及觀眾不用出國就能觀賞到來自世界30多個國家，100多對的世界好手，甚至可以同台競技，藉此促進臺灣國標舞壇與國際舞台接軌，進而提升臺灣選手國際能見度，並拓展選手與觀眾的國際視野。 >> 協會向下紮根舉辦台灣AL業餘巡迴積分賽，提供高額獎金及年度積分獎金(或機票)給予年輕選手實質幫助，同時定期舉辦國內外名師講習與個別指導，提升選手的競爭力，讓年輕選手們可以往更高的境界前進。 >> 提升臺灣民眾學習國標舞的普及率，推廣民眾欣賞風氣，讓全民都能感受國標舞的熱力四射、健康之美，使國標舞成為全民運動。 動滋券適用品項：",
萬華運動中心,108 臺北市萬華區福星里西寧南路６-１號Ａ棟,營業電話：0223759900,營業時間：0600-2200,http://whsc.com.tw/,"中心設備規劃在游泳池部分設有溫水游泳池、水療池、三溫暖設施，市民活動空間設有民眾閱覽室及兒童遊戲室，提供老少咸宜的休閒場所，運動項目部分設有健身中心、舞蹈教室、多功能球場、桌球練習場、攀岩場及高爾夫球練習區，高爾夫球設備引進新型模擬設備，提供市民新穎的運動設施，戶外多功能運動場可提供多元化運動項目的複合式場所，營造出一個結合環保節能及多元化運動項目的優質休閒環境。 中心規劃一系列運動課程、公益講座、研習課程、回饋活動等，提供多元化的服務，在運動場域結合駐場專業教練，提供民眾各項運動設施專業的諮詢，給予市民最直接的回饋，讓市民藉由運動休閒，進而改善體能並豐富生活內涵，提升生活品質及促進身心靈健康。 未來萬華運動中心將配合地方體育發展及培訓專業運動人才，並推廣運動休閒文化，結合社區發展，打造健康城市，致力達成民眾處處皆可運動、時時皆可運動，進而提升人人喜愛運動三大目標，將運動推手這項榮譽身分發揮至最大。 動滋券適用品項：運動場館-瑜珈,運動場館-綜合運動中心,球類_羽球,球類_桌球,球類_足球,球類_高爾夫,格鬥類_柔道/空手道/跆拳道/拳擊/國術/武術,目標類_飛鏢,水域運動_游泳,戶外運動類_攀岩","動滋券適用品項：運動場館-瑜珈,運動場館-綜合運動中心,球類_羽球,球類_桌球,球類_足球,球類_高爾夫,格鬥類_柔道/空手道/跆拳道/拳擊/國術/武術,目標類_飛鏢,水域運動_游泳,戶外運動類_攀岩"
Curves可爾姿民生圓環店,105 臺北市松山區台北市松山區富錦里富錦街505號,營業電話：0227666866,營業時間：14:30–20:30,https://www.curves.com.tw/,"Curves 是專為女性設計的 30 分鐘環狀運動。 我們提供給女性簡單、快速又有效的運動方式, 透過有氧+肌力+伸展三合一的完整訓練, 在女性教練的陪伴之下,輕鬆養成運動習慣, 讓妳更健康、更自信、更快樂 ,是妳開始運動的第一選擇。 *免費預約體驗 https://www.curves.com.tw/ *免費預約專線 02-27666866 *請提前主動告知使用動滋劵, 店家保留最終活動抵扣服務、商品之解釋權利。 動滋券適用品項：",
Curves可爾姿信義通化店,106 臺北市大安區臺北市 大安區 敦煌里信義路４段２６３號３樓之１,營業電話：0227043470,營業時間：請見官網上公告之營業時間,https://www.curves.com.tw/,"Curves是專為女性設計的30分鐘環狀運動。 我們提供給女性簡單、快速又有效的運動方式， 透過有氧+肌力+伸展三合一的完整訓練， 在女性教練的陪伴之下，輕鬆養成運動習慣， 讓妳更健康、更自信、更快樂 ，是妳開始運動的第一選擇。 *免費預約體驗 https://www.curves.com.tw/ *免費預約專線 (分店電話) *請提前主動告知使用""政付優惠券"", 店家保留最終活動抵扣服務、商品之解釋權利。 動滋券適用品項：",
LAVA台灣鐵人三項公司,110 臺北市信義區東興路51號5樓,營業電話：0227516226,營業時間：早上9:00-18:00,https://www.ironmanstoretw.com/,"主要內容前往主要內容
			
			
				
					
						
							
								
									
									動滋網
								
							
						
					
					
						
							
								
									
										
											 首頁首頁
											
											動滋說明動滋說明
											合作店家合作店家
											我的青春動滋券我的青春動滋券
											網站導覽網站導覽
											|
											優惠店家專區優惠店家專區
											課程專區課程專區
											合作店家登入合作店家登入
											
											合作店家收券掃票機
										
									
								
								
									主選單",
Coffit健身咖,111 臺北市士林區中山北路六段184號一樓,營業電話：0963023192,營業時間：鴻泊健身有限公司,https://accessibility.moda.gov.tw/Applications/Detail?category=20220622172837,"主要內容前往主要內容
			
			
				
					
						
							
								
									
									動滋網
								
							
						
					
					
						
							
								
									
										
											 首頁首頁
											
											動滋說明動滋說明
											合作店家合作店家
											我的青春動滋券我的青春動滋券
											網站導覽網站導覽
											|
											優惠店家專區優惠店家專區
											課程專區課程專區
											合作店家登入合作店家登入
											
											合作店家收券掃票機
										
									
								
								
									主選單",
Curves可爾姿大安店,106 臺北市大安區信義路三段192號2樓,營業電話：0227000213,營業時間：請見官網公告營業時間,https://www.curves.com.tw,"Curves是專為女性設計的30分鐘環狀運動。 我們提供給女性簡單、快速又有效的運動方式, 透過有氧+肌力+伸展三合一的完整訓練, 在女性教練的陪伴之下,輕鬆養成運動習慣, 讓妳更健康、更自信、更快樂 ,是妳開始運動的第一選擇。 *免費預約體驗 https://www.curves.com.tw/ *免費預約專線 (分店電話) *請提前主動告知使用""政付優惠券"", 店家保留最終活動抵扣服務、商品之解釋權利。 動滋券適用品項：運動場館-健身",
P. LEAGUE+SHOP,110 臺北市信義區菸廠路88號5樓之2,營業電話：0266388008,營業時間：1030-1830,http://pleagueofficial.com/shop,"主要內容前往主要內容
			
			
				
					
						
							
								
									
									動滋網
								
							
						
					
					
						
							
								
									
										
											 首頁首頁
											
											動滋說明動滋說明
											合作店家合作店家
											我的青春動滋券我的青春動滋券
											網站導覽網站導覽
											|
											優惠店家專區優惠店家專區
											課程專區課程專區
											合作店家登入合作店家登入
											
											合作店家收券掃票機
										
									
								
								
									主選單",
獨木舟日常,112 臺北市北投區洲美街32-8號,營業電話：0915137829,營業時間：上午9:15~下午5:30,https://inline.app/booking/-MZHzmW2a2WjYalK4g0W:inline-live-2/-MZHzmgP54_O07iYZNja,我們是一間做專業獨木舟教育的公司，希望透過台灣的輕艇選手來教導一般市民正確的水上運動知識，並讓相關的水域法規能被民眾認識，讓台灣的水上運動能夠在專業、合法、安全的環境下進行。 動滋券適用品項：水域運動_立槳/獨木舟,
社團法人台灣創新棒球協會,114 臺北市內湖區民權東路六段58號2樓,營業電話：0227944000,營業時間：09:00-18:00,http://innobaseball.org.tw,協會宗旨： 改善台灣棒球困境，目前台灣棒球界科班/非科班界限過於明顯，中華職棒選秀要求必須是現役或曾是業餘甲組成棒球員才能報名。若不是國小國中階段即加入體育班，則無法打職棒。業餘社會人球隊要求高中/大學必須是體育班才有資格加入。以上種種造成的影響：我國職棒人才庫稀薄，導致國際賽屢戰屢敗,
寶島野孩子戶外探索,106 臺北市大安區忠孝東路四段270號7F,營業電話：0937423945,營業時間：週一-週五 8:00-17:00,https://www.fwa.com.tw,"寶島野孩子戶外探索公司創立目標，透過整合台灣各地專業戶外團隊，帶領學員探索台灣戶外之美。 服務理念是玩的安全 、玩的開心，學習專業技能。 為了安全與專業，寶島野孩子團隊教練必須具備政府核可之相關證照： 救生教練、救生員證、體育署各種水域活動教練證、國際潛水教練證、國際滑雪教練證等，希望讓專業教練受到重視, 讓活動更加安心。 我們提供優質的戶外休閒娛樂產品與服務，包括SUP、衝浪、浮潛、自由潛水、山野探索、滑板...等，整合各類戶外活動，創造優質的休閒產品與服務，提供健康快樂及安全的休閒方式，讓美麗的台灣，用不一樣的方式被看見。 動滋券適用品項：",
上上瑜珈,106 臺北市大安區忠孝東路3段136號7樓,營業電話：0225630833,營業時間：9am-9pm,https://yogaups.com,"主要內容前往主要內容
			
			
				
					
						
							
								
									
									動滋網
								
							
						
					
					
						
							
								
									
										
											 首頁首頁
											
											動滋說明動滋說明
											合作店家合作店家
											我的青春動滋券我的青春動滋券
											網站導覽網站導覽
											|
											優惠店家專區優惠店家專區
											課程專區課程專區
											合作店家登入合作店家登入
											
											合作店家收券掃票機
										
									
								
								
									主選單",
萬興國小運動中心,116 臺北市文山區臺北市文山區秀明路2段114號,營業電話：0963292752,營業時間：周一到週五  16:00-22:00 周六日08:00-22:00,https://accessibility.moda.gov.tw/Applications/Detail?category=20220622172837,坐落於巷弄內的精緻運動場館，文山區少有的運動休憩空間，提供游泳池、籃球場、羽球場、韻律舞蹈教室等相關運動空間，定期舉辦多元豐富的相關課程 動滋券適用品項：,
Power Fit運動工作室,111 臺北市士林區大北路72號1樓,營業電話：0228836680,營業時間：周一至周六08:00~23:00，例假日08:00~22:00,https://accessibility.moda.gov.tw/Applications/Detail?category=20220622172837,"主要內容前往主要內容
			
			
				
					
						
							
								
									
									動滋網
								
							
						
					
					
						
							
								
									
										
											 首頁首頁
											
											動滋說明動滋說明
											合作店家合作店家
											我的青春動滋券我的青春動滋券
											網站導覽網站導覽
											|
											優惠店家專區優惠店家專區
											課程專區課程專區
											合作店家登入合作店家登入
											
											合作店家收券掃票機
										
									
								
								
									主選單",
力坊體適能,106 臺北市大安區忠孝東路3段203之2號2樓,營業電話：0227739527,營業時間：不固定,https://accessibility.moda.gov.tw/Applications/Detail?category=20220622172837,"主要內容前往主要內容
			
			
				
					
						
							
								
									
									動滋網
								
							
						
					
					
						
							
								
									
										
											 首頁首頁
											
											動滋說明動滋說明
											合作店家合作店家
											我的青春動滋券我的青春動滋券
											網站導覽網站導覽
											|
											優惠店家專區優惠店家專區
											課程專區課程專區
											合作店家登入合作店家登入
											
											合作店家收券掃票機
										
									
								
								
									主選單",
好時光女生運動樂園 古亭樂園,100 臺北市中正區南福里南昌路２段５３號１樓,營業電話：0223512878,營業時間：10:00-22:00,https://accessibility.moda.gov.tw/Applications/Detail?category=20220622172837,☆運動輕鬆上手，邊動邊笑沒煩惱☆女性專屬，妳最好玩運動新體驗☆空中瑜伽、皮拉提斯、zumba、TRX 任妳選☆ 動滋券適用品項：,
大安運動中心穿楊射藝射箭場,106 臺北市大安區辛亥路三段55號4樓,營業電話：0227323682,營業時間：9:00-22:00,https://accessibility.moda.gov.tw/Applications/Detail?category=20220622172837,專業30M射箭場，位於大安運動中心4樓，提供射箭領域全方位的諮詢，無論是傳統弓、反曲弓、複合弓教學，器材維修，調整與租借，買賣，國內外比賽參訪，活動規劃與支援，教練團隊皆有相關領域專業證照，超過十年教學經驗，從競技體育到休閒文化，將給您最專業的服務。 動滋券適用品項：,
大安運動中心,106 臺北市大安區辛亥路三段55號,營業電話：0223770300,營業時間：06:00-22:00,http://daansports.com.tw/,台北市大安運動中心暨和平籃球館係由長佳機電股份有限公司營運，大安運動中心隸屬台北市政府，位於大安區，其設有一樓游泳池、二樓教室區、桌球場、三樓綜合球場(藍、羽球場)、四樓多功能戶外運動場，地下停車場有汽車50格、機車114格等服務設施，對外負責推廣全民運動之目的。 動滋券適用品項：,
聚光運動Spotlight Fitness,105 臺北市松山區南京東路四段107號9樓之1,營業電話：0981539160,營業時間：09:00-22:00,https://accessibility.moda.gov.tw/Applications/Detail?category=20220622172837,�運動相「聚」，生活發「光」� 「Light up your Life！是聚光運動致力達成的目標」 聚光運動為綜合性運動空間 ✨讓你安心運動的場所：無綁約｜無會籍制｜自由選擇課程方案ㅤㅤㅤㅤㅤㅤㅤㅤㅤㅤㅤㅤㅤㅤㅤㅤ ▪️客製化私人訓練、企業包班課程 ▪️綜合性團體運動課程 ▪️自由教練場地租借 📍小巨蛋捷運站5號出口（走路3分鐘） 🔗官方Line：@166umyge 動滋券適用品項：,
前港克強公園游泳池,111 臺北市士林區前港街45號,營業電話：28805598,營業時間：05:30~22:00,https://winpoweryouthpark.com.tw/,"主要內容前往主要內容
			
			
				
					
						
							
								
									
									動滋網
								
							
						
					
					
						
							
								
									
										
											 首頁首頁
											
											動滋說明動滋說明
											合作店家合作店家
											我的青春動滋券我的青春動滋券
											網站導覽網站導覽
											|
											優惠店家專區優惠店家專區
											課程專區課程專區
											合作店家登入合作店家登入
											
											合作店家收券掃票機
										
									
								
								
									主選單",
葉涵妮舞蹈學苑,114 臺北市內湖區成功路四段54號3樓,營業電話：0227909525,營業時間：預約,https://accessibility.moda.gov.tw/Applications/Detail?category=20220622172837,葉涵妮舞蹈學苑成立於1999年，創辦人葉涵妮老師自美國艾文艾利舞蹈學校(The Ailey School) 畢業後，回台致力於兒童舞蹈教學，以紐約學習經驗為基礎，發展出一套富啟發性的教學方式。 動滋券適用品項：,
熊WIN網球,104 臺北市中山區南京東路二段150號9樓97室,營業電話：0965822680,營業時間：9:00-21:00,https://www.bearwin.net/4,網球帶給學員的不只是球技， 更是累積能運用於生活的資產 熊WIN採用引導式教學，在球技成長的同時培養學員的五心 。 開心- 利用開心的心情去面對困難與競爭 專心- 面對困難越能夠專心處理 上進心- 課程中引導學員自我思考而形成上進心 同理心- 團體課程中學會團隊合作的同理心 自信心- 因學習網球過程中，成長而帶來的自信心 熊WIN的五心教學，不只能讓學員打好球，也能在這個如同賽場的生活中，帶來正向的態度與競爭力。 沒有教不會的學員 教學並不只是讓一群學員站在一起揮拍，熊WIN的教練以同理的角度、為學員量身定制各個階的教學內容，我們站在學員的旁邊一起向前走。 動滋券適用品項：,
潛意識自由潛水,100 臺北市中正區新生南路一段140巷10弄2號2樓,營業電話：0975721511,營業時間：11:00-20:00,https://www.instagram.com/divingmindtw?igsh=MWdkNGxmdmJsdGZvbw==,"主要內容前往主要內容
			
			
				
					
						
							
								
									
									動滋網
								
							
						
					
					
						
							
								
									
										
											 首頁首頁
											
											動滋說明動滋說明
											合作店家合作店家
											我的青春動滋券我的青春動滋券
											網站導覽網站導覽
											|
											優惠店家專區優惠店家專區
											課程專區課程專區
											合作店家登入合作店家登入
											
											合作店家收券掃票機
										
									
								
								
									主選單",
潛意識自由潛水實業社,100 臺北市中正區新生南路一段140巷10弄2號2樓,營業電話：0975721511,營業時間：11:00–20:00,https://accessibility.moda.gov.tw/Applications/Detail?category=20220622172837,潛意識 心靈深處被壓抑無從意識到的慾望 自由潛水 一口氣的片刻滿足心靈深處的慾望 兩者的結合造就 潛意識DivingMind 動滋券適用品項：,
F45內湖/北大安,114 臺北市內湖區臺北市 內湖區 港墘里瑞光路３５８巷３８弄１號１樓,營業電話：0933669997,"營業時間：平日9:00-21:00,假日9:00-15:00",https://f45training.tw/northdaan/schedule/?lang=zh-hant,"來自澳洲的國際性運動品牌,課程皆以團體課為主,從進門暖身到運動結束只要45分鐘,屬於高間歇性運動課程！ 一堂課能燃燒500大卡！對於增肌燃脂相當有幫助, F45內湖/北大安,不僅是運動會館,更是一個社群.大家庭, 讓來運動的人不僅維持體態.身體健康.也能感受到團隊滿滿的正能量！ 動滋券適用品項：運動場館-健身",
弄舞運動空間,115 臺北市南港區興中路68巷12號,營業電話：0226519557,營業時間：10:00-22:00,https://accessibility.moda.gov.tw/Applications/Detail?category=20220622172837,"主要內容前往主要內容
			
			
				
					
						
							
								
									
									動滋網
								
							
						
					
					
						
							
								
									
										
											 首頁首頁
											
											動滋說明動滋說明
											合作店家合作店家
											我的青春動滋券我的青春動滋券
											網站導覽網站導覽
											|
											優惠店家專區優惠店家專區
											課程專區課程專區
											合作店家登入合作店家登入
											
											合作店家收券掃票機
										
									
								
								
									主選單",
正能量Fitness,114 臺北市內湖區西湖里內湖路１段３２２號２樓,營業電話：0287972666,營業時間：9:00-21:00,https://accessibility.moda.gov.tw/Applications/Detail?category=20220622172837,"主要內容前往主要內容
			
			
				
					
						
							
								
									
									動滋網
								
							
						
					
					
						
							
								
									
										
											 首頁首頁
											
											動滋說明動滋說明
											合作店家合作店家
											我的青春動滋券我的青春動滋券
											網站導覽網站導覽
											|
											優惠店家專區優惠店家專區
											課程專區課程專區
											合作店家登入合作店家登入
											
											合作店家收券掃票機
										
									
								
								
									主選單",
崑合碩旅行社有限公司,100 臺北市中正區茄苳路125號8樓,營業電話：0223619575,營業時間：星期一至星期五   早上08:45至晚上18:00,https://www.qhtravel.com.tw/event/index/2491633661102,崑合碩旅行社是由一群志同道合的資深專業旅遊人所組成的團隊，公司成立於民國104年，本公司服務群均擁有業界十年以上的旅遊操作經驗。成立首年就榮獲體育署104年度優質運動遊程，更於106年獲選公務人員國民旅遊卡推薦優質行程旅行社。業務涵蓋國內.外旅遊行程規劃及專業票務知識，本著專業、用心、服務的精神，整合多方資源，制定優惠平實的產品價格，以公司行號國內.外團體旅遊規劃及大學學生畢業旅行為主要業務，為顧客提供全方位貼心的服務。 動滋券適用品項：,
我的樂活生活館,106 臺北市大安區敦化南路一段216號4樓,營業電話：0227732020,營業時間：10:00-19:00,https://mylohaslife.com.tw/,我的樂活生活館提供一套完整的健康生活示範，嚴選最有效的運動方式、提供抗氧化的飲食方案、打造身心靈寧靜的療癒花園，推動健康生活化、生活健康化，希望每個人都能健康快樂生活。 動滋券適用品項：,
中國青年旅行社有限公司,100 臺北市中正區館前路45號2樓,營業電話：0223711226,營業時間：08:30-18:00,https://cyta.travel.net.tw/eWeb_cyta/index.asp,秉持救國團『青年休閒活動領導者』的形象，因應社會的需要，提供各項國內外旅遊休閒活動，另一方面透過各種旅遊活動帶領青年接觸自然生態、人文環境、文化藝術等領域，建立健康、安全、知性、感性的旅遊型態，塑造「誠信、可靠、值得信賴」的品質目標。中國青年旅行社有限公司有多年承辦活動的經驗，秉持著『安全第一、效果為先』的理念，是休閒旅遊服務業的優秀成員。 動滋券適用品項：,
維度運動,105 臺北市松山區臺北市 松山區 東勢里南京東路４段１７１號１２樓之４,營業電話：0227173680,營業時間：10:00-22:00,https://www.wedosports.net/,我們是一家專門舉辦冬令營/夏令營的公司，由UBA教練領軍做技術指導，不只寒暑假的課程，我們還有周末的室內課程唷；適合對籃球技巧有興趣鑽研的孩子們。如果有適合的場地，消費者也可以跟我們討論開班事宜唷 動滋券適用品項：,
PAF沛芙運動空間,112 臺北市北投區文林北路112號B1,營業電話：0228239115,營業時間：09:30-21:30,https://paftpe.wordpress.com/,"現代人生活緊繃，會藉由運動舒壓、維持身材 2018年的春天，PAF在士林區創造了，前所未有的大坪數空間及交通便利的教室，提供大家舒適的運動環境 於2020年時為了給大家更完善的運動空間,從士林區搬遷到北投區,除了有三間教室之外還有公共休息區以及淋浴空間提供給大家使用",
TDSF中華民國國際舞蹈運動總會,100 臺北市中正區忠孝東路一段76號3樓之2,營業電話：0223930259,營業時間：一至五，11:00-20:00,http://www.tdsf.org.tw/,2002年起在台推廣異國舞蹈，肚皮舞/東方舞/印度舞/大溪地舞/夏威夷舞/呼拉舞，比賽．證照．課程．講座．國際交流，2022年賽事預計於3、5、7、9、11月份舉辦，詳細請見www.tdsf.org.tw或中華民國國際舞蹈運動總會粉絲專頁 動滋券適用品項：協會_非亞奧運單項運動協會,
台北運動健身中心 長安店,104 臺北市中山區長安東路一段21號B1,營業電話：25716555,營業時間：早上7點-晚上12點,https://accessibility.moda.gov.tw/Applications/Detail?category=20220622172837,"業界首創各式方案：分鐘、次數、包月、1對1教練課 網友大推，不綁約/不辦卡/不收入會費！ 提供專業教練指導/舒適的運動環境/種類頗多的器材/免費健身諮詢！ 用5倍卷消費1千送5百、2千送1千以此類推最多5千送2500 學生首辦月費只要499 社青首辦月費只要599 【超高CP值一對一私人教練課】 買10堂送10堂一對一教練課 共20堂現在只要15,666元 選擇適合你的方案 一家報名2家都可使用 24小時服務專Line:@a0965153456 動滋券適用品項：",
好時光女生運動樂園 南京樂園,104 臺北市中山區復華里龍江路９６號４樓,營業電話：0225075976,營業時間：10:00-22:00,https://goodtime.com.tw/,☆運動輕鬆上手，邊動邊笑沒煩惱☆女性專屬，妳最好玩運動新體驗☆空中瑜伽、皮拉提斯、zumba、TRX 任妳選☆ 動滋券適用品項：運動場館-瑜珈,
Curves可爾姿文山保儀店,116 臺北市文山區保儀路11號4樓之一,營業電話：77538628,營業時間：15:30pm,http://curves.com,"主要內容前往主要內容
			
			
				
					
						
							
								
									
									動滋網
								
							
						
					
					
						
							
								
									
										
											 首頁首頁
											
											動滋說明動滋說明
											合作店家合作店家
											我的青春動滋券我的青春動滋券
											網站導覽網站導覽
											|
											優惠店家專區優惠店家專區
											課程專區課程專區
											合作店家登入合作店家登入
											
											合作店家收券掃票機
										
									
								
								
									主選單",
Curves 可爾姿石牌店,112 臺北市北投區裕民一路30號2樓,營業電話：0228200250,營業時間：週一~五10:45~13:00 15:30~21:00週六10:00~13:00,https://www.curves.com.tw/,"Curves是專為女性設計的30分鐘環狀運動。 我們提供給女性簡單、快速又有效的運動方式， 透過有氧+肌力+伸展三合一的完整訓練， 在女性教練的陪伴之下，輕鬆養成運動習慣， 讓妳更健康、更自信、更快樂 ，是妳開始運動的第一選擇。 *免費預約體驗 https://www.curves.com.tw/ *免費預約專線 0228200250 *請提前主動告知使用""政付優惠券"", 店家保留最終活動抵扣服務、商品之解釋權利。 動滋券適用品項：運動場館-健身",
Let's go 來運動健身俱樂部,114 臺北市內湖區成功路4段50號2樓之1,營業電話：0227945385,營業時間：8:30-22:30,https://accessibility.moda.gov.tw/Applications/Detail?category=20220622172837,台北首創工業風裝潢健身房180坪超大空間、高規格BH頂級健身器材、panasonic病毒過濾空調系統、專業的教練親切的服務，讓來運動的您有最美好的運動環境及體驗🤎 ✨單次入場 ✨長期會籍 ✨小班制團課 ✨一對一教練課 動滋券適用品項：,
大漢整合行銷股份有限公司,103 臺北市大同區重慶北路二段188號9樓,營業電話：25575226,營業時間：10:00-18:00,http://www.dothan.com.tw/,大漢集團的營運團隊， 擁有業務開發、行銷企劃、視覺創意、活動執行、媒體公關、廣告宣傳... 等專業， 至今已策劃執行過上千場的品牌和賽事活動，擁有各領域之客戶資源。 大漢集團目前擁有台灣大漢整合行銷股份有限公司、 大翰鑫(廈門)營銷策畫有限公司、 大翰鑫(上海)營銷策畫有限公司、 大翰鑫(北京)營銷策畫有限公司， 以跨兩岸的營銷模式，創造多元化的行銷典範！ 動滋券適用品項：,
花郎武道館,100 臺北市中正區臺北市 中正區 幸福里忠孝東路１段１７６號２樓之１,營業電話：0919607015,營業時間：週一至週日 9:00-21:30,https://accessibility.moda.gov.tw/Applications/Detail?category=20220622172837,捷運善導寺站五號出口 步行三分鐘 ▲ITF國際跆拳道 兒童班、成人班 ▲自由搏擊 成人班、女子班 歡迎免費體驗，預約和參觀請先私訊！ 動滋券適用品項：格鬥類_柔道/空手道/跆拳道/拳擊/國術/武術,動滋券適用品項：格鬥類_柔道/空手道/跆拳道/拳擊/國術/武術
中華民國空手道協會,104 臺北市中山區合江街41巷13號,營業電話：0225021422,營業時間：9:00-17:00,http://www.ctkf.url.tw/,"主要內容前往主要內容
			
			
				
					
						
							
								
									
									動滋網
								
							
						
					
					
						
							
								
									
										
											 首頁首頁
											
											動滋說明動滋說明
											合作店家合作店家
											我的青春動滋券我的青春動滋券
											網站導覽網站導覽
											|
											優惠店家專區優惠店家專區
											課程專區課程專區
											合作店家登入合作店家登入
											
											合作店家收券掃票機
										
									
								
								
									主選單",
STEPX FITENESS 健身房,104 臺北市中山區南京東路二段8號B1,營業電話：0225410279,營業時間：10:00 ~ 22:00,https://www.stepx.com.tw,STEP X健身房擁有專業的一對一私人教練團隊，並在 Peeta葛格 的指導與訓練下，持續進修與進步。STEP X私人教練團隊站在學生的角度擬定客製訓練計畫，讓訓練效果事半功倍。去了健身房卻不知該怎麼安排訓練課表嗎？訓練了一段時間，卻不見效果嗎？ Peeta Fitness 健身工作室 提供您全方位的教學服務！ 動滋券適用品項：,
Curves可爾姿南京小巨蛋店,105 臺北市松山區臺北市 松山區 美仁里南京東路四段５０號４樓之２,營業電話：0225798181,營業時間：週一~週五11:00-13:30&15:30-20:30/週六 10-13:00,https://www.curves.com.tw,"Curves是專為女性設計的30分鐘環狀運動。 我們提供給女性簡單、快速又有效的運動方式， 透過有氧+肌力+伸展三合一的完整訓練， 在女性教練的陪伴之下，輕鬆養成運動習慣， 讓妳更健康、更自信、更快樂 ，是妳開始運動的第一選擇。 *免費預約體驗 https://www.curves.com.tw/ *預約專線：25798181 *請提前主動告知使用""政付優惠券"", 店家保留最終活動抵扣服務、商品之解釋權利 動滋券適用品項：運動場館-健身",
NisoroFit,105 臺北市松山區重陽路263巷3號4樓,營業電話：0226510889,營業時間：06:20~22:00,https://accessibility.moda.gov.tw/Applications/Detail?category=20220622172837,"NISORO FIT 品牌科技健身房,結合健身飲食及營養補給,有多款新型器材,讓您運動時更有效率 動滋券適用品項：",
陽光健身,106 臺北市大安區忠孝東路四段60號2樓,營業電話：0227400989,營業時間：09-22,https://accessibility.moda.gov.tw/Applications/Detail?category=20220622172837,"主要內容前往主要內容
			
			
				
					
						
							
								
									
									動滋網
								
							
						
					
					
						
							
								
									
										
											 首頁首頁
											
											動滋說明動滋說明
											合作店家合作店家
											我的青春動滋券我的青春動滋券
											網站導覽網站導覽
											|
											優惠店家專區優惠店家專區
											課程專區課程專區
											合作店家登入合作店家登入
											
											合作店家收券掃票機
										
									
								
								
									主選單",
Surmount運動空間,111 臺北市士林區中正路188號2樓,營業電話：0228311891,營業時間：早上9：00-晚上21;30,https://accessibility.moda.gov.tw/Applications/Detail?category=20220622172837,"Surmount運動空間特色： 1、無需綁約 2、提供小班制團體課（士林店） 3、私人教練課（天母店） 4、聯絡我們：官方LINE ID：@kcf3553q (要加＠)、粉專私訊或電話洽詢 【Surmount運動空間（士林店）團課教室】 地點：台北市士林區中正路188號2樓 （捷運士林站步行5分鐘） 立即線上預約、選課：surmount.17fit.com 【Surmount 運動空間（天母店）私人教練教室】 首次體驗課：一對一$1000元；一對二$1000 ($500/一人) 地點：台北市士林區忠誠路一段30號 （捷運芝山站步行5分鐘，BMW展示中心旁） 立即登記、預約：https://goo.gl/S6xCmA 【Surmount運動空間-南港店】 台北市南港區重陽路122號 歡迎追蹤我們的Istagram 「Surmount運動空間」 動滋券適用品項：運動場館-瑜珈,運動場館-綜合運動中心,運動保健,其他_運動舞蹈",
給力健身房,104 臺北市中山區臺北市 中山區 聚盛里林森北路３８１號地下B1,營業電話：022719-9998,營業時間：24HR,https://accessibility.moda.gov.tw/Applications/Detail?category=20220622172837,1分鐘1元 / 無限月費吃到飽 / 一對一教練課 / 團體課程(可包班) / 場地租借 / 企業專屬特約 / 會員全面互通 / 24小時不打烊 動滋券適用品項：,
威晴調適性運動,103 臺北市大同區伊寧街9巷31號,營業電話：0225986796,營業時間：09:00-21:00,https://accessibility.moda.gov.tw/Applications/Detail?category=20220622172837,一群來自國立體育大學的專業教練，抱著滿腹的熱血與理想，為特殊族群打造專屬運動，從諮詢、評估、檢測到訓練，量身打造適性教學內容。 動滋券適用品項：運動場館-樂齡/兒童綜合體適能(含親子場館),
愛潛水全方位潛水中心,111 臺北市士林區前港里前港街8號1樓,營業電話：0228827696,營業時間：1400-2200,https://accessibility.moda.gov.tw/Applications/Detail?category=20220622172837,"主要內容前往主要內容
			
			
				
					
						
							
								
									
									動滋網
								
							
						
					
					
						
							
								
									
										
											 首頁首頁
											
											動滋說明動滋說明
											合作店家合作店家
											我的青春動滋券我的青春動滋券
											網站導覽網站導覽
											|
											優惠店家專區優惠店家專區
											課程專區課程專區
											合作店家登入合作店家登入
											
											合作店家收券掃票機
										
									
								
								
									主選單",
X-JUMPING200長春店,104 臺北市中山區長春路213號1、2樓,營業電話：27422207,營業時間：10:00-21:30,https://accessibility.moda.gov.tw/Applications/Detail?category=20220622172837,"主要內容前往主要內容
			
			
				
					
						
							
								
									
									動滋網
								
							
						
					
					
						
							
								
									
										
											 首頁首頁
											
											動滋說明動滋說明
											合作店家合作店家
											我的青春動滋券我的青春動滋券
											網站導覽網站導覽
											|
											優惠店家專區優惠店家專區
											課程專區課程專區
											合作店家登入合作店家登入
											
											合作店家收券掃票機
										
									
								
								
									主選單",
亞運撞球館,116 臺北市文山區羅斯福路五段88號地下1樓,營業電話：0229345895,營業時間：10:00-02:00,https://accessibility.moda.gov.tw/Applications/Detail?category=20220622172837,"主要內容前往主要內容
			
			
				
					
						
							
								
									
									動滋網
								
							
						
					
					
						
							
								
									
										
											 首頁首頁
											
											動滋說明動滋說明
											合作店家合作店家
											我的青春動滋券我的青春動滋券
											網站導覽網站導覽
											|
											優惠店家專區優惠店家專區
											課程專區課程專區
											合作店家登入合作店家登入
											
											合作店家收券掃票機
										
									
								
								
									主選單",動滋券適用品項：球類_撞球
Hu Boxing 古月拳館,105 臺北市松山區南京東路五段280號2樓,營業電話：0967140242,營業時間：10:00-22:00,https://www.instagram.com/huboxing/,Hu Boxing教練都是經過選手級專業的訓練🏅 每日三小時以上艱辛的鍛鍊持續數年，歷經多場比賽的佼佼者 所以不論是肌力體能還是技術，皆能提供最有效的訓練方式給學生💪🏼 - 🥊拳擊教學🥊 🏋🏻‍♀️健身指導🏋🏻‍♀️ 🏆團體課程🏆 💌預約請私訊小盒子 ⬇️免費運動諮詢表單⬇️ www.surveycake.com/s/NLRNx 動滋券適用品項：,
救國團館前終身學習中心,100 臺北市中正區黎明里館前路４５號,營業電話：23819165,營業時間：09:00-21:00,https://www.cyccea.org.tw/,學習是一輩子的事情，在這邊你可以培養你的興趣、健身、瑜珈，尋找共同愛好的同伴，消除生活壓力，維持健康的體態、成就更好的自己。 動滋券適用品項：運動場館-瑜珈,
Todo fitness,105 臺北市松山區南京東路四段15號3樓之一,營業電話：27120081,營業時間：上午9點至晚上10點,https://accessibility.moda.gov.tw/Applications/Detail?category=20220622172837,• 一對一私人教學 • 客製化訓練規劃 • 捷運小巨蛋站一號出口（走路1分鐘） • 自由教練場地出租服務 （預約制、單次計費不綁約） • 價格單純透明化（價格合理親民） • 專業體態雕塑 動滋券適用品項：,
藍鯨游泳學校,106 臺北市大安區106大安區仁愛路四段130號、100中正區杭州南路二段40號,營業電話：0986612977、0986622977,營業時間：週一~周五16:00~20:30；週六日08:30~16:00,http://www.bwss1999.url.tw/,場館位於臺北市立仁愛國中游泳池、臺北市立中正國中游泳池，為營運移轉(OT)之校園游泳池，主要以游泳教學及零售門票為主，提供游泳個別班及團體班。 動滋券適用品項：水域運動_游泳,
臺北市社區棒球推廣協會,104 臺北市中山區大直街52巷巷11號5樓,營業電話：0919306993,營業時間：平日,https://accessibility.moda.gov.tw/Applications/Detail?category=20220622172837,臺北市社區棒球推廣協會宗旨為促進台灣社區棒由發展，並以聯賽為平台，讓更多孩子與家長共同參與棒球賽事。 動滋券適用品項：,
Perfect Club 完美運動教室 農安店,104 臺北市中山區農安街166巷6號,營業電話：0921255928,營業時間：10:00~22:00,https://accessibility.moda.gov.tw/Applications/Detail?category=20220622172837,🔥台北最熱門的專業減重減脂教室免費30分鐘增肌減脂諮詢👈 九大指數測量分析，結合肌力團體課程，課程包含一對一輔導，團體課💪 全身燃脂，打造不易復胖體質 動滋券適用品項：,
健身計畫 Project Fit,106 臺北市大安區臺北市 大安區 住安里復興南路二段２７號地下二層,營業電話：0227033393,營業時間：武議國際股份有限公司,https://accessibility.moda.gov.tw/Applications/Detail?category=20220622172837,"主要內容前往主要內容
			
			
				
					
						
							
								
									
									動滋網
								
							
						
					
					
						
							
								
									
										
											 首頁首頁
											
											動滋說明動滋說明
											合作店家合作店家
											我的青春動滋券我的青春動滋券
											網站導覽網站導覽
											|
											優惠店家專區優惠店家專區
											課程專區課程專區
											合作店家登入合作店家登入
											
											合作店家收券掃票機
										
									
								
								
									主選單",
大台北桌球會館,105 臺北市松山區南京東路五段46號B1,營業電話：0227695965,營業時間：09:00~22:00,https://service.shopping123.com.tw,"主要內容前往主要內容
			
			
				
					
						
							
								
									
									動滋網
								
							
						
					
					
						
							
								
									
										
											 首頁首頁
											
											動滋說明動滋說明
											合作店家合作店家
											我的青春動滋券我的青春動滋券
											網站導覽網站導覽
											|
											優惠店家專區優惠店家專區
											課程專區課程專區
											合作店家登入合作店家登入
											
											合作店家收券掃票機
										
									
								
								
									主選單",
FunFitness 運動旅程,100 臺北市中正區台北市中正區羅斯福路三段272號7樓、台北市士林區中山北路5段519號2樓,營業電話：0266173329、0266173168,營業時間：11:30-21:30,https://www.funfitness.com.tw/,Fun Fitness運動旅程 公館館 - 鄰近捷運公館站步行3分鐘，坐落公館商圈，悠閒步道鬧中取靜，明亮舒適空間，專業師資，淋浴設施，體適能及瑜珈空間，提供多元運動健身課程：熱瑜珈、空中瑜珈、BARRE、TRX、壺鈴、槓鈴基礎、熱汗輕拳擊 、拳力塑身、肌力新手班…每月百餘堂運動團課，邀請你輕鬆展開健康新生活。,動滋券適用品項：格鬥類_其他格鬥類
降龍總武運動訓練館,100 臺北市中正區杭州南路一段十號B1,營業電話：0223222699,營業時間：14:00pm-22:00pm,https://accessibility.moda.gov.tw/Applications/Detail?category=20220622172837,"主要內容前往主要內容
			
			
				
					
						
							
								
									
									動滋網
								
							
						
					
					
						
							
								
									
										
											 首頁首頁
											
											動滋說明動滋說明
											合作店家合作店家
											我的青春動滋券我的青春動滋券
											網站導覽網站導覽
											|
											優惠店家專區優惠店家專區
											課程專區課程專區
											合作店家登入合作店家登入
											
											合作店家收券掃票機
										
									
								
								
									主選單",
天天健體能訓練,104 臺北市中山區福樂街88巷22號10樓,營業電話：0953071887,營業時間：0800-2200,https://accessibility.moda.gov.tw/Applications/Detail?category=20220622172837,一對一、一對多體能訓練 企業包班、肌力循環、TRX、壺鈴團課 歡迎私訊 捷運行天宮站1號出口步行2分鐘�� 地址：民生東路二段64號 動滋券適用品項：運動場館-健身,
中華民國高級中等學校體育總會,104 臺北市中山區朱崙街20號13樓,營業電話：0227783636,營業時間：9:00-17:30,https://accessibility.moda.gov.tw/Applications/Detail?category=20220622172837,高中體總為依法設立、非以營利為目的之特定體育團體，以倡導學校校園運動風氣，提昇運動競賽技術水準，推動學校體育運動發展，促進中等學校國際暨兩岸體育交流為宗旨。 動滋券適用品項：,
iSKI滑雪俱樂部,114 臺北市內湖區臺北市 內湖區 西康里內湖路１段７０號１樓,營業電話：0226586661,營業時間：每週一～週五 11:00~22:00,https://www.iski.com.tw/,iSKI滑雪俱樂部，讓滑雪從家門口起步 台灣室內滑雪機訓練領導品牌 結合專業師資、歐洲原裝進口頂尖設備、分齡分級課程規劃 讓國人在無雪的台灣，也能就近學習滑雪運動的技巧 培養專業興趣，為出國滑雪做好準備！ 動滋券適用品項：,
趣健行旅行社(有)公司,104 臺北市中山區松江路131號5樓之1(501B室),營業電話：0225037711,營業時間：早上9:00-晚上18:00,https://www.titohiking.com.tw/,「登山健行，絕對不是一般的旅行」對安全的嚴謹要求是我們不能妥協的堅持， 由三千至八千米經驗的專業領隊群領軍，並堅持以「小隊伍、高品質」的團型， 陪伴你平安愉快地完成登山健行的夢想。15年來定期出團，累積豐富經驗， 用最嚴謹的安全標準陪伴你走出戶外、享受健康、完成夢想挑戰之路！ 動滋券適用品項：運動旅遊業_旅行社運動遊程,
芮亞動態藝術空間,116 臺北市文山區羅斯福路6段142巷20弄2號1樓,營業電話：0917560409,營業時間：週一至週日 12：00～21：00,https://accessibility.moda.gov.tw/Applications/Detail?category=20220622172837,"主要內容前往主要內容
			
			
				
					
						
							
								
									
									動滋網
								
							
						
					
					
						
							
								
									
										
											 首頁首頁
											
											動滋說明動滋說明
											合作店家合作店家
											我的青春動滋券我的青春動滋券
											網站導覽網站導覽
											|
											優惠店家專區優惠店家專區
											課程專區課程專區
											合作店家登入合作店家登入
											
											合作店家收券掃票機
										
									
								
								
									主選單",
臺北市體育總會象棋協會,106 臺北市大安區羅斯福路二段91號4樓之1,營業電話：0223656585,營業時間：星期一~六 9:00~17:00,https://accessibility.moda.gov.tw/Applications/Detail?category=20220622172837,我們是臺北市體育總會下的象棋協會，負責推廣象棋運動，舉辦各式象棋活動，歡迎熱愛象棋的同好一起參加。 動滋券適用品項：,
好時光女生運動樂園 西湖樂園,114 臺北市內湖區西湖里內湖路一段319號2樓、321號2樓,營業電話：0226275361,營業時間：10:00-22:00,https://goodtime.com.tw/,☆運動輕鬆上手，邊動邊笑沒煩惱☆女性專屬，妳最好玩運動新體驗☆空中瑜伽、皮拉提斯、zumba、TRX 任妳選☆ 動滋券適用品項：運動場館-瑜珈,
Curves 可爾姿女性 30 分鐘環狀運動西門漢中店,108 臺北市萬華區漢中街157號2樓,營業電話：0223612327,"營業時間：周一到週五11:30-13:00,15:00-20:30週六10:00-13:0",https://www.curves.com.tw/,/妳開始運動的第一選擇/ Curves承諾提供一個充滿愛與支持的環境， 從運動開始，讓所有接觸到Curves的人， 勇於蛻變，綻放價值。 動滋券適用品項：,
Yoga Amore愛茉芮瑜伽,100 臺北市中正區羅斯福路三段300號4樓,營業電話：0223652387,營業時間：8:00-21:00,https://accessibility.moda.gov.tw/Applications/Detail?category=20220622172837,提供小班制精緻教學、客製化私人課程、企業合作洽談、空間租借，免綁約各種課堂數量方案供您選擇，購買10堂以上方案，還可多人共享，平均最低單堂＄350 可自由選課安排時間，歡迎加入我們！ 動滋券適用品項：,
財團法人臺北醫學大學,110 臺北市信義區吳興街250號,營業電話：0227361661,營業時間：0800-2200,https://pe.tmu.edu.tw/,"體育課程教學、校代表訓練，教職員工健康促進課程、各類團體運動及泳訓課程，企業體適能檢測 動滋券適用品項：運動場館-瑜珈,運動場館-綜合運動中心,運動場館-樂齡/兒童綜合體適能(含親子場館),球類_羽球,球類_籃/排球,球類_棒/壘球,球類_桌球,球類_足球,球類_網球,水域運動_游泳,水域運動_其他水域運動","動滋券適用品項：運動場館-瑜珈,運動場館-綜合運動中心,運動場館-樂齡/兒童綜合體適能(含親子場館),球類_羽球,球類_籃/排球,球類_棒/壘球,球類_桌球,球類_足球,球類_網球,水域運動_游泳,水域運動_其他水域運動"
中華民國馬術協會,104 臺北市中山區朱崙街20號808室,營業電話：0287711439,營業時間：09:00-18:00,http://www.ctea.org.tw/main.htm,推展馬術運動，使人人皆能馬上馳騁。 倡導馬術禮儀，期個個都是紳士淑女。 專研馬術教育，求場場比賽揚眉吐氣。 善用馬術強身，讓男男女女健康美麗。 動滋券適用品項：,
Jessica’s fitness,115 臺北市南港區中南街140-5號1樓,營業電話：0919774104,營業時間：0800-2200,https://accessibility.moda.gov.tw/Applications/Detail?category=20220622172837,"主要內容前往主要內容
			
			
				
					
						
							
								
									
									動滋網
								
							
						
					
					
						
							
								
									
										
											 首頁首頁
											
											動滋說明動滋說明
											合作店家合作店家
											我的青春動滋券我的青春動滋券
											網站導覽網站導覽
											|
											優惠店家專區優惠店家專區
											課程專區課程專區
											合作店家登入合作店家登入
											
											合作店家收券掃票機
										
									
								
								
									主選單",
bounce8,111 臺北市士林區天母東路8巷80號1樓,營業電話：0228761232,營業時間：10:00-22:00,https://accessibility.moda.gov.tw/Applications/Detail?category=20220622172837,『孩童與大人快樂的運動空間』提供兒童瑜珈、舞蹈、獨家迷你球類等課程；為大人開設空瑜、懸吊、動物流、私人教練等豐富課程。歡迎大小朋友一起來Bounce8玩！ 動滋券適用品項：運動場館-瑜珈,
達緹科技股份有限公司,103 臺北市大同區民權西路108號13樓之3,營業電話：0225502696,營業時間：週一到週五 上午10點-下午6點,https://bao-ming.com/eb/index,"主要內容前往主要內容
			
			
				
					
						
							
								
									
									動滋網
								
							
						
					
					
						
							
								
									
										
											 首頁首頁
											
											動滋說明動滋說明
											合作店家合作店家
											我的青春動滋券我的青春動滋券
											網站導覽網站導覽
											|
											優惠店家專區優惠店家專區
											課程專區課程專區
											合作店家登入合作店家登入
											
											合作店家收券掃票機
										
									
								
								
									主選單",
維樂生活世界股份有限公司,100 臺北市中正區臺北市 中正區 三愛里信義路２段２１３號１１樓,營業電話：0223279866,營業時間：AM9:00-PM9:00,https://accessibility.moda.gov.tw/Applications/Detail?category=20220622172837,維樂生活世界 全台首創~ 台灣唯一第一家 都會型 綜合 運動 休閒 生活 會館 維樂會館服務內容包括： 1.百萬運動健身設備13項:( 最適合30歲以上想運動朋友)~提升肌肉量.預防肌少症，保護關節. 心肺機能強化.預防骨質疏鬆 避免肌膜沾黏 必練課程,
RHYTHM EAST DANCE GROUP,106 臺北市大安區忠孝東路四段166號11樓之三,營業電話：886287714800,營業時間：周一至周五/11:00-21:30  周六周日12:00-18:00,http://www.danceworld.com.tw,"主要內容前往主要內容
			
			
				
					
						
							
								
									
									動滋網
								
							
						
					
					
						
							
								
									
										
											 首頁首頁
											
											動滋說明動滋說明
											合作店家合作店家
											我的青春動滋券我的青春動滋券
											網站導覽網站導覽
											|
											優惠店家專區優惠店家專區
											課程專區課程專區
											合作店家登入合作店家登入
											
											合作店家收券掃票機
										
									
								
								
									主選單",
Nonstop Fitness Club,104 臺北市中山區堤頂大道二段508號1樓,營業電話：0285022784,營業時間：12:00 ~ 21:00,https://nonstop.tw/v2/,"以歡樂音樂派對的初衷定期更新在拳擊,跳舞,瑜珈等主題課程,一間全年齡向的派對運動教室 動滋券適用品項：",
跑者肌地,104 臺北市 中山區 圓山里新生北路3段84巷47號,營業電話：0930792287,營業時間：06:00-22:00,https://runnersportstw.com/,"我們提供專注跑及歡樂跑的跑者們全面的服務，跑步需要支撐起全身體重，才會有跑者""肌""地。 跑者肌地，是希望以跑者為本位提供訓練課程。 我們希望透過課程使跑者們有效率的收放肌肉，我們學習在跑步動作中將每一步都達到良好動作品質。 動滋券適用品項：戶外運動類_馬拉松/路跑",動滋券適用品項：戶外運動類_馬拉松/路跑
享練,106 臺北市大安區和平東路一段91號地下,營業電話：023325815,營業時間：8:30-23:00,https://www.instagram.com/enjoy__fit/,"""Enjoy Fit 享練""是一間期許讓大家都享受訓練的健身房，器材皆採用Life Fitness/Torque Fitness等國際知名品牌。我們提供私人教練課程、自主訓練、自由教練場地租借等服務，歡迎大家一起來""享練""一下！ ""Enjoy Fit"" is a gym that hopes everyone can enjoy training. The equipment is all internationally renowned brands such as Life Fitness/Torque Fitness. We provide services such as personal coaching courses, independent training, coaching venue rentals, etc. Welcome everyone to ""enjoy training"" together! 動滋券適用品項：格鬥類_其他格鬥類",動滋券適用品項：格鬥類_其他格鬥類
元氣小熊科熊體操團隊,110 臺北市信義區明水路397巷7弄55號Ｂ1,營業電話：0225333227,營業時間：週二～週日,https://accessibility.moda.gov.tw/Applications/Detail?category=20220622172837,"主要內容前往主要內容
			
			
				
					
						
							
								
									
									動滋網
								
							
						
					
					
						
							
								
									
										
											 首頁首頁
											
											動滋說明動滋說明
											合作店家合作店家
											我的青春動滋券我的青春動滋券
											網站導覽網站導覽
											|
											優惠店家專區優惠店家專區
											課程專區課程專區
											合作店家登入合作店家登入
											
											合作店家收券掃票機
										
									
								
								
									主選單",
列特博運動健身機構 LabTurbo Sports,112 臺北市北投區大業路700號,營業電話：0228912729,營業時間：12:00-22:00,https://17fit.com/labturbo-sports/reserve,"棒球課程、各式團課(瑜珈、TRX、禪柔)、運動按摩 動滋券適用品項：運動場館-瑜珈,運動場館-樂齡/兒童綜合體適能(含親子場館)",
北投運動中心,112 臺北市北投區臺北市 北投區 吉利里石牌路一段３９巷１００號,營業電話：886228202880,營業時間：6:00-22:00,http://www.btsport.org.tw/zh-TW/index/,"北投運動中心是繼中山區後第二座運動中心，是臺北市第二座同時也是最具有特色的市民運動中心。 本中心樓高31公尺，為地下三層、地上六層的鋼筋混凝土與鋼骨構造的建築物，總樓地板面積約有5432坪，並設有九十五個停車位；除了地下一樓有一座長50公尺、寬15公尺的標準室內溫水游泳池外，二樓還有一座高11公尺的室內木質地板籃球場，同時也可兼劃設八座羽球場的大型球館，五樓更規劃出兩座圓弧鋼構屋頂高11公尺，比照戶外網球場空間的PU地坪室內網球場。 此外，最精緻也最具特色的運動場館，可就要推薦臺北市首座特殊設計的室內人造攀岩場，圓形攀岩場高9公尺，中央有座塔狀模擬天然岩場的人造攀岩場，有懸岩陡壁，也有垂牆與斜板，適合初學與高級的攀岩運動，而三樓的兩座符合國際標準的壁球場及體適能運動中心，也是現代時髦運動的新寵兒。 動滋券適用品項：運動場館-瑜珈,運動場館-綜合運動中心,球類_羽球,球類_籃/排球,球類_桌球,球類_網球,球類_撞球,水域運動_游泳","動滋券適用品項：運動場館-瑜珈,運動場館-綜合運動中心,球類_羽球,球類_籃/排球,球類_桌球,球類_網球,球類_撞球,水域運動_游泳"
轉角香氛,110 臺北市信義區110 臺北市信義區信義路五段150巷401弄20號,營業電話：0227580113,營業時間：週一~週六 9:30~22:00,https://accessibility.moda.gov.tw/Applications/Detail?category=20220622172837,美國AFAA體適能/Les Mills/Zumba 證照教練執業，提供瑜珈、彼拉提斯、有氧、空中瑜珈及高強度間歇運動。 動滋券適用品項：,
Yoga journey 瑜珈旅程,106 臺北市大安區台北市大安區復興南路1段222號3樓.4樓、台北市松山區敦化南路一段90號,營業電話：0266388889、0227118996,營業時間：8:30-22:30,http://yogajourney.com.tw/,忠孝復興、忠孝敦化精品瑜珈會館，峇里島風戶外光合瑜珈；頂級空中瑜珈教室；與紐約時尚同步，高溫溼熱瑜珈設備。 30多位中外資深瑜珈教師專業授課，毎週百堂私人及團體課 程多元選擇，提供各種程度學員量身訂做。 動滋券適用品項：,
閃電肌力體能訓練,106 臺北市大安區復興南路二段65號2樓之2,營業電話：0909906123,營業時間：預約制，請致電我們或聯絡我們官方Line @188mnaer,https://www.xcelathletix.com/,功能性至上的健身訓練工作室 為處於台北市大安區的健身房 Xcel Athletix推崇功能性與科學化訓練， 讓學員在完成訓練後，回到生活、工作或賽場， 表現與品質都能有所改善，學會認識及運用自己的身體。 我們希望擺脫笨重的器械式訓練， 這裡為學員帶來專屬訓練場地及新穎科學化器材， 慣性飛輪訓練機、速度依循訓練工具、多功能草皮、各式恢復設備等， 讓您在訓練時，能以指標性的目標為本，帶來最有效益的成果。 動滋券適用品項：球類_其他球類,動滋券適用品項：球類_其他球類
社團法人中華民國超級馬拉松運動協會,108 臺北市萬華區長沙街二段91號2樓之七,營業電話：0223832646,營業時間：週一~週五09:00~18:00,http://www.ctau.org.tw/,"本會於中華民國100年八月成立，主管機關是「內政部」，目地事業主管機關為「教育部體育署」，地方目的事業指導機關為「臺北市政府體育局」。原名中華民國超馬跑者協會，英文名稱為”Chinese Taipei Association of Ultrarunners""，2017年7月改名為「中華民國超級馬拉松運動協會」，簡稱「超馬協會」英文名稱不變，簡稱CTAU。 本會願景(Vision)為""讓臺灣超馬與世界接軌""，協會使命(Mission)有四: (1)推展超馬運動(2)結合運動與公益慈善(3)落實綠色賽事概念(4)以NGO身分發展國民外交。 超馬協會於2012年4月成為國際超級馬拉松總會會員，管轄臺灣超級馬拉松運動相關事宜。與國際超級馬拉總會銜接，採最新國際總會標準與規則舉辦活動，擔任臺灣和超級馬拉松總會之間的窗口，並且實際負責臺灣地區超馬相關資訊傳播與各方聯繫事宜。 2020年12月依教育部體育署建議，向法院申請登記，取得社團法人法律地位，全名為「社團法人中華民國超級馬拉松運動協會」。 動滋券適用品項：",
18Light民權西,104 臺北市中山區撫順街35-2號,營業電話：0287724290,營業時間：10:00-21:30,https://accessibility.moda.gov.tw/Applications/Detail?category=20220622172837,"主要內容前往主要內容
			
			
				
					
						
							
								
									
									動滋網
								
							
						
					
					
						
							
								
									
										
											 首頁首頁
											
											動滋說明動滋說明
											合作店家合作店家
											我的青春動滋券我的青春動滋券
											網站導覽網站導覽
											|
											優惠店家專區優惠店家專區
											課程專區課程專區
											合作店家登入合作店家登入
											
											合作店家收券掃票機
										
									
								
								
									主選單",
瑜珈海洋,104 臺北市中山區松江路315號4樓,營業電話：0225169991,營業時間：0900~2100,https://accessibility.moda.gov.tw/Applications/Detail?category=20220622172837,"主要內容前往主要內容
			
			
				
					
						
							
								
									
									動滋網
								
							
						
					
					
						
							
								
									
										
											 首頁首頁
											
											動滋說明動滋說明
											合作店家合作店家
											我的青春動滋券我的青春動滋券
											網站導覽網站導覽
											|
											優惠店家專區優惠店家專區
											課程專區課程專區
											合作店家登入合作店家登入
											
											合作店家收券掃票機
										
									
								
								
									主選單",
桑富士運動俱樂部,103 臺北市大同區臺北市 大同區 星明里平陽街２９號,營業電話：02-25527579,營業時間：星期一至五08：30 – 22：30；星期六、日08：30 – 20：00,https://accessibility.moda.gov.tw/Applications/Detail?category=20220622172837,SUNFISH位於台北市太原路上~可愛的小魚是我們的標誌~ 我們有游泳池、健身房、有氧課程、飛輪課程、(蒸氣室、烤箱、熱水池僅限女更)、兒童及成人游泳教學 泳池為溫水游泳池 動滋券適用品項：,
行動巡迴式未有門店名稱,103 臺北市大同區南京西路410號10樓之一,營業電話：0918862693,營業時間：根據客戶需求,https://accessibility.moda.gov.tw/Applications/Detail?category=20220622172837,"本公司主要營業項目為科技藝術互動與體驗設計策展，自2022年起投入運動科技領域，致力將互動媒體藝術融入運動之中。我們以桌球為媒材、開發互動投影桌球桌，讓使用者在趣味中獲得更多學習動力與娛樂，至今已於桌球館及新北市多所國小舉辦多場體驗活動。為降低使用門檻、讓更多人能參與，我們採取行動式巡迴推廣，尚未設立固定店面營業。 符合之營業項目為實境體感應用服務業(應用於桌球運動),體驗時間5分鐘,收費100元 動滋券適用品項：",
好時光女生運動樂園 民權樂園,104 臺北市中山區中山北路三段1號2樓,營業電話：0225854512,營業時間：10:00-22:00,https://goodtime.com.tw/,☆運動輕鬆上手，邊動邊笑沒煩惱☆女性專屬，妳最好玩運動新體驗☆空中瑜伽、皮拉提斯、zumba、TRX 任妳選☆ 動滋券適用品項：運動場館-瑜珈,
WEEEFITNESS,104 臺北市中山區市民大道三段143號2f,營業電話：0287726429,營業時間：10:00-23:59,https://instagram.com/weeefitness,"給你最舒服的運動空間,三面採光,動靜皆宜,戶外大露臺 重量訓練,泰拳,空中瑜珈,瑜珈 讓你在訓練上快樂又有溫度! 動滋券適用品項：",
UFC GYM TAIWAN,114 臺北市內湖區港墘里洲子街５５、５７號,營業電話：886971673255,營業時間：07~24,https://www.ufcgym.com.tw/,UFC 冠軍是世界上最訓練有素的運動員，要在 Octagon® 八角擂台比賽中贏得冠軍，每一天的訓練都不能鬆懈，且必須掌握多種兼具高力量高耐力的武術派別！雖然他們所長的技能各有不同，但只要擁有堅定的決心，在每一次挫折中檢討並重新站起，不論是能力或是意志都從未減弱！ TRAIN DIFFERENT® 正是從這種強烈求勝的心態中萌生：UFC GYM 透過了解每一位 UFC Fighter，深入分析他們的訓練內容、營養攝取、專項技術顧問及教練，綜合多面相的專業知識提供給每一位運動員最佳的菁英培訓方案！ 動滋券適用品項：,
公務人力發展學院福華文教會館-休閒中心,106 臺北市大安區新生南路三段30號,營業電話：0277122329,營業時間：0600-2130,http://www.howard-hotels.com.tw/civil-service/,"主要內容前往主要內容
			
			
				
					
						
							
								
									
									動滋網
								
							
						
					
					
						
							
								
									
										
											 首頁首頁
											
											動滋說明動滋說明
											合作店家合作店家
											我的青春動滋券我的青春動滋券
											網站導覽網站導覽
											|
											優惠店家專區優惠店家專區
											課程專區課程專區
											合作店家登入合作店家登入
											
											合作店家收券掃票機
										
									
								
								
									主選單","動滋券適用品項：球類_桌球,球類_撞球"
勁能健身俱樂部,105 臺北市松山區八德路4段465號2樓,營業電話：0237621518,營業時間：9:00~23:00,https://accessibility.moda.gov.tw/Applications/Detail?category=20220622172837,"主要內容前往主要內容
			
			
				
					
						
							
								
									
									動滋網
								
							
						
					
					
						
							
								
									
										
											 首頁首頁
											
											動滋說明動滋說明
											合作店家合作店家
											我的青春動滋券我的青春動滋券
											網站導覽網站導覽
											|
											優惠店家專區優惠店家專區
											課程專區課程專區
											合作店家登入合作店家登入
											
											合作店家收券掃票機
										
									
								
								
									主選單",
暗潮技術潛水基地,114 臺北市內湖區金湖路181號,營業電話：0227908507,營業時間：11:00-21:00,https://www.darktide.com.tw/,"主要內容前往主要內容
			
			
				
					
						
							
								
									
									動滋網
								
							
						
					
					
						
							
								
									
										
											 首頁首頁
											
											動滋說明動滋說明
											合作店家合作店家
											我的青春動滋券我的青春動滋券
											網站導覽網站導覽
											|
											優惠店家專區優惠店家專區
											課程專區課程專區
											合作店家登入合作店家登入
											
											合作店家收券掃票機
										
									
								
								
									主選單",
運動家撞球館,112 臺北市北投區尊賢街２２６號地下一樓,營業電話：0228276872,營業時間：10:00-00:00,https://accessibility.moda.gov.tw/Applications/Detail?category=20220622172837,"主要內容前往主要內容
			
			
				
					
						
							
								
									
									動滋網
								
							
						
					
					
						
							
								
									
										
											 首頁首頁
											
											動滋說明動滋說明
											合作店家合作店家
											我的青春動滋券我的青春動滋券
											網站導覽網站導覽
											|
											優惠店家專區優惠店家專區
											課程專區課程專區
											合作店家登入合作店家登入
											
											合作店家收券掃票機
										
									
								
								
									主選單",
水。瑜珈教室,104 臺北市中山區雙城街38-1號2樓,營業電話：0976232497,營業時間：2-8pm,http://Www.wateryogatw.com,Namaste 🙏🏻我們在台北市中山區及東區均有瑜珈教室，開辦瑜珈課程外，同時有提供運動服飾、瑜珈墊和輔具等周邊用品販售。期待在墊子上遇見您💛❤️🧡💚💜🖤🤎🤍 動滋券適用品項：,
運動學FITOLOGY,116 臺北市文山區興隆路二段252號B1,營業電話：0229315887,營業時間：07:00-00:00,https://accessibility.moda.gov.tw/Applications/Detail?category=20220622172837,台北市優質無負擔的健身房/體適能中心 無入會費，無手續費，單次/月費，無負擔 為您提供一系列經濟實惠的選擇，享受我們乾淨、齊全的設施 專業、有成效的科學訓練 舒適自在的健身場館 歡迎加入我們立即運動 動滋券適用品項：運動場館-健身,
LOXE 洛禮詩,103 臺北市大同區承德路一段1號3樓15櫃位,營業電話：0937261555,營業時間：1100-1930,http://loxe520.weebly.com,LOXE擁有最專業的教練團隊，從您想要參加運動的那一秒起開始提供最專業且完善的的服務。 藉由運動功能評估系統，讓您更了解自己的運動表現；多媒體互動教學系統讓學員享有24小時專業教學感受； ​現場也販售專業的運動配件，讓運動無時無刻伴隨在側。 ​ LOXE​『X』代表無限的愛，透過愛與初衷，讓我們對於健康健身的專業散佈出去。 動滋券適用品項：,
Focus Training 專注訓練運動空間,105 臺北市松山區臺北市 松山區 新聚里南京東路５段２０８號２樓,營業電話：0227666671,營業時間：11:00-22:00,https://accessibility.moda.gov.tw/Applications/Detail?category=20220622172837,- FOCUS TRAINING 專注訓練 - Focus ( 專注 ) 代表著： Follow One Course Until Success ( 依循一個方向直到成功 ) 現代社會誘惑多，往往讓人無法專心做好每一件事，想鍛鍊自己的身體，卻又一直放不下手邊的3C產品。 要培養『 專注力 』，需要設定一個你渴望達成的目標，學會如何安排自己的時間，通過“自律”培養出良好的習慣。 不受任何外界的干擾，專注於辛勞汗水打造出的成果～『 Focus Training 我相信是你最好的選擇 』 動滋券適用品項：,
財團法人自行車新文化基金會,110 臺北市信義區基隆路二段51號17樓之1,營業電話：0289785099,營業時間：08:30-17:30,https://www.cycling-lifestyle.org.tw/,1、新北市河濱自行車租借服務 2、校園自行車安全教育宣講 3、受理申辦自行車環台或挑單認證證書 動滋券適用品項：其他_其他,
TMMA 台北格鬥運動館 古亭館,106 臺北市大安區金山南路二段222號B1,營業電話：02-3322-2822,營業時間：週一~週五 10:00~22:00、週六~週日 10:00~19:00,https://www.tmma.com.tw/,TMMA致力將格鬥運動帶入生活，授課風格特別採用活潑生動的方式，讓學員們能夠循序漸進的增強自信及實力。最終達到健身、塑身、防身的效果。藉此開創大眾對於格鬥運動全新的感受與經驗。 動滋券適用品項：格鬥類_柔道/空手道/跆拳道/拳擊/國術/武術,動滋券適用品項：格鬥類_柔道/空手道/跆拳道/拳擊/國術/武術
運動皮質區體適能訓練所,106 臺北市大安區和平東路一段274之1號4樓,營業電話：0921285612,營業時間：週一至週六上午9:00-晚間10:00,http://www.himotorcortex.com,我們是來自各大醫學院的長期照護與運動醫學之專業團隊，由具有運動醫學背景的體適能教練帶您訓練，讓專業為您的健康撐腰！ 1.採取一對一及一對二私人教練課 2.採取客製化的上課模式 根據個別需求來決定訓練菜單 3.用運動醫學建立正確觀念 讓您輕鬆打破各種運動迷思 4.超彈性預約制 想上就預約 線上預約30秒即完成 5.由體適能專家提供最安全、最有效的訓練 動滋券適用品項：,
閃動格子 公館體驗店,100 臺北市中正區羅斯福路三段316巷14號,營業電話：0266057090,營業時間：每天 10:00-23:00,https://www.cybercube.com.tw/,"《閃動格子》的故事充滿了激情和創新的精神。我們的根基來自於《光穹遊戲》，光穹在2018年以 ""Spotlight Yourself"" 為核心理念， 致力於為玩家提供高品質的遊戲體驗。光穹遊戲的創立初衷是讓每一位玩家能夠親手創造獨特的回憶，透過精緻的劇情和充滿情感的遊戲內容，讓玩家彷彿身臨其境，深度沉浸於遊戲的世界中。 隨著時間的推移，光穹遊戲逐漸積累了豐富的遊戲設計經驗，並且對玩家需求有了更深入的了解。在這樣的基礎上，2023年底，光穹遊戲踏上了一段全新的冒險旅程。 我們融合了創辦人們的專業優勢以及多年來所積累的豐富知識，成立了全新的子公司 ——《閃動格子》。 《閃動格子》是台灣首家融合感應式LED地磚和體感遊戲的創新公司。我們的遊戲系統以賽博龐克風格為主題，通過感應地磚為玩家提供前所未有的多人挑戰體驗。 這款遊戲獨具匠心，玩家在不同顏色的感應磚上跳躍和奔跑，挑戰各種關卡。遊戲不僅考驗玩家的反應速度，還融合了運動和視覺享受，帶來一種全新的刺激和娛樂體驗。 《閃動格子》的誕生，既是光穹遊戲理念的延續，也是一個全新的創新篇章。我們希望透過這款獨特的體感互動遊戲， 為玩家們帶來更多激動人心的冒險與挑戰，並繼續陪伴每一位玩家，共同探索和創造屬於自己的難忘故事。 動滋券適用品項：其他_其他",
哥倫布戶外生活館,104 臺北市中山區堤頂大道二段296號,營業電話：0285020138,營業時間：12:00-21:00,https://www.columbuscycling.net/categories/assos,本店為捷安特績優經銷商，於天母地區在地經營三十年的資深經驗，始終秉持永續經營的理念服務廣大車友。提供最專業的維修調校、諮詢服務及完整的各大品牌周邊商品 動滋券適用品項：,
STAY樂待親子共融空間,105 臺北市松山區臺北市 松山區 自強里健康路３０５號１樓,營業電話：0227683038,營業時間：平日10-18點 假日10-20點,https://www.stay2018.tw/,"主要內容前往主要內容
			
			
				
					
						
							
								
									
									動滋網
								
							
						
					
					
						
							
								
									
										
											 首頁首頁
											
											動滋說明動滋說明
											合作店家合作店家
											我的青春動滋券我的青春動滋券
											網站導覽網站導覽
											|
											優惠店家專區優惠店家專區
											課程專區課程專區
											合作店家登入合作店家登入
											
											合作店家收券掃票機
										
									
								
								
									主選單",
鷹萬游泳學苑,108 臺北市萬華區西藏路201號,營業電話：23390988,營業時間：週一，三四五六日,https://accessibility.moda.gov.tw/Applications/Detail?category=20220622172837,"本公司鷹萬=永遠(台語)英文名稱為owin1(贏得第一) 鷹萬游泳學校集團的經營與教學團隊,經驗豐富,是台灣最堅強、經驗最豐富的游泳教學團隊,融合有效的游泳分級教學系統·讓您學游泳也能很安心,很快樂・ 動滋券適用品項：水域運動_游泳",
哈哈活力站,111 臺北市士林區仁勇里文林路１０２號地下２樓之１至地下２樓之４６,營業電話：0228810101,營業時間：24H,https://accessibility.moda.gov.tw/Applications/Detail?category=20220622172837,哈哈活力站電競館專業電競賽事場地首選！ 屬於新世代網咖的指標，不僅舉辦過數場大型電競比賽，更是許多知名硬體廠商及遊戲公司指定的專業比賽場地，除了提供一般消費者休閒上網娛樂，也提供許多電競產業相關單位來舉辦電競比賽 動滋券適用品項：,
國榮桌球館,100 臺北市中正區100 臺北市中正區和平西路一段34號2樓,營業電話：23688818,營業時間：週二~週五1430-2100 週六0900-2100 週日0900-1730,https://accessibility.moda.gov.tw/Applications/Detail?category=20220622172837,"主要內容前往主要內容
			
			
				
					
						
							
								
									
									動滋網
								
							
						
					
					
						
							
								
									
										
											 首頁首頁
											
											動滋說明動滋說明
											合作店家合作店家
											我的青春動滋券我的青春動滋券
											網站導覽網站導覽
											|
											優惠店家專區優惠店家專區
											課程專區課程專區
											合作店家登入合作店家登入
											
											合作店家收券掃票機
										
									
								
								
									主選單",
獅子王桌球內湖館,114 臺北市內湖區康寧路三段54-9號地下樓,營業電話：0226342488,營業時間：平日13:00-21:00 假日09:00-21:00,http://www.lionking-tt.com/auto_page.aspx?id=qqqsxl56wqtpx,絕美時尚的桌球環境，挑高舒適的教學區、溫馨整潔的休息區，顛覆您想像的時尚環境，一切用心只希望將最美好的呈現給眾人，分享我們對桌球的熱情。 動滋券適用品項：球類_桌球,動滋券適用品項：球類_桌球
Curves中山錦州店,104 臺北市中山區台北市中山區中山北路二段115巷45號1樓,營業電話：0225232488,營業時間：11:45~13:30 15:20~21:00 (六)10:30~13:30,https://accessibility.moda.gov.tw/Applications/Detail?category=20220622172837,"Curves是專為女性設計的30分鐘環狀運動。 我們提供給女性簡單、快速又有效的運動方式， 透過有氧+肌力+伸展三合一的完整訓練， 在女性教練的陪伴之下，輕鬆養成運動習慣， 讓妳更健康、更自信、更快樂 ，是妳開始運動的第一選擇。 *免費預約體驗 https://www.curves.com.tw/ *免費預約專線 (分店電話) *請提前主動告知使用""政付優惠券"", 店家保留最終活動抵扣服務、商品之解釋權利。 動滋券適用品項：",
景美游泳池,116 臺北市文山區羅斯福路五段176巷50號,營業電話：0229353602,營業時間：0600~2200,https://accessibility.moda.gov.tw/Applications/Detail?category=20220622172837,"景美游泳池，於民國72年5月13日興建完成，基地面積約1,350平方公尺。107年整修後重新對外開放，於112年10月20日起受託中國青年救國團經營。 動滋券適用品項：",
艾莎雷德體能顧問工作室,105 臺北市松山區南京東路5段62號2樓,營業電話：0921226468,營業時間：09:00-22:00,https://accessibility.moda.gov.tw/Applications/Detail?category=20220622172837,艾莎雷德體能顧問工作室， 是由Rad以及Asha夫妻共同經營的運動空間， 在這裡，沒有大型俱樂部的諸多條例規範， 我們不綁會籍、不需要各種手續費用， 回歸最單純的課程模式。 動滋券適用品項：運動場館-樂齡/兒童綜合體適能(含親子場館),
普拉提中心 KX Pilates 內湖店,114 臺北市內湖區成功路四段6號2樓,營業電話：0227929968,營業時間：早上10點至晚間8點,https://kxpilates.com.tw/,"座落於台北人的後花園，坐擁自然美景依山傍水，鄰近內湖捷運站交通便捷，生活機能優異，KX引進全球流行的動態彼拉提斯核心床訓練，為保障學員上課品質及安全, 課程採一人一床預約制，全課程由KX Academy培訓認證且教學經驗豐富的KX Pilates師資團隊授課，店內提供舒適淋浴間及廁所、置物櫃、吹風機等，讓你輕鬆運動，享受全身性訓練的暢快，邀請您一同感受KX彼拉提斯核心床的魅力！ 動滋券適用品項：",
IR跑創運動 戶外與線上課程,116 臺北市文山區木新路二段79巷6弄20號一樓,營業電話：0922634733,營業時間：跑創運動行銷有限公司,https://www.irsports.com.tw/,我們希望跑步可以很有趣，而且也很有意義，因此我們成立了跑創運動：一個將跑步和生活結合在一起的專業團隊，也是一個大家可以一起訓練、一同成長的社群。,
台北運動健身中心 民生店,104 臺北市中山區民生東路一段29號B1,營業電話：25212717,營業時間：24小時,https://accessibility.moda.gov.tw/Applications/Detail?category=20220622172837,"業界首創各式方案：分鐘、次數、包月、1對1教練課 網友大推，不綁約/不辦卡/不收入會費！ 提供專業教練指導/舒適的運動環境/種類頗多的器材/免費健身諮詢！ 用5倍卷消費1千送5百、2千送1千以此類推最多5千送2500 學生首辦月費只要499 社青首辦月費只要599 【超高CP值一對一私人教練課】 買10堂送10堂一對一教練課 共20堂現在只要15,666元 選擇適合你的方案 一家報名2家都可使用 24小時服務專Line:@a0965153456 動滋券適用品項：",
永動定律健身訓練工作室,104 臺北市中山區長安東路二段204號,營業電話：0277307927,營業時間：採預約制,https://perpetualfitness.mystrikingly.com/,「溫暖」的堅持 我們極度注重視空間環境，無論是色彩、燈光、空氣及溫度，任何細節皆不馬虎，我們就像您第二個家。 教練既身為指導者，亦是陪伴者，訓練之路會伴隨著各種生理、心理變化及挑戰，您不孤單，我們將成為您堅強的後盾。 「專業」的堅持 集結鑽研各個領域之教練，視專業為必需的基本能力，詳細紀錄學員每個進步的過程，更進一步在不同的學員上進行個別化調整，同時最大化教練價值及學員收穫，並極力推廣健身於中高齡族群，共同對抗社會高齡化現象。 「自我挑戰」的堅持 任何科學結論及專業知識皆是日異月新的，健身科學尤其如此，更時常發現「經驗法則領先於科學」的特性。「讀萬卷書」及「行萬里路」對於永動定律團隊而言是同等重要的。我們隨時跟進科學研究，也不間斷的身體力行參與訓練，唯有文武並行之下，方能在教學上帶您繞開不必要的冤枉路。 動滋券適用品項：,
The Prince Adventure,105 臺北市松山區台北市南京東路四段2號1樓之12,營業電話：0225554867,營業時間：週一至週日 12:00-19:00,https://www.outdoor.org.tw,"主要內容前往主要內容
			
			
				
					
						
							
								
									
									動滋網
								
							
						
					
					
						
							
								
									
										
											 首頁首頁
											
											動滋說明動滋說明
											合作店家合作店家
											我的青春動滋券我的青春動滋券
											網站導覽網站導覽
											|
											優惠店家專區優惠店家專區
											課程專區課程專區
											合作店家登入合作店家登入
											
											合作店家收券掃票機
										
									
								
								
									主選單",
Pulse Gym 台北建國店,104 臺北市中山區建國北路一段96號,營業電話：0225150200,營業時間：週一到週日 AM9:00~PM11:00,https://www.pulsegym.com.tw/,KAHOTEK嘉和智能科技旗下Pulse Gym 健身房，以科技智慧大健康的理念推進健身房，定位與傳統健身產業區隔，透過教練的運動專業，服務的溫暖，將冰冷的科技暖化並系統化融入顧客的健康生活中，展現專業、溫暖、親切、趨勢特點，在健身健康產業中扮演先驅者的角色。 動滋券適用品項：,
SuperFIT極度塑身,100 臺北市中正區延平南路21號5樓,營業電話：0225376578,營業時間：星期一至星期五，下午1：00至晚上10：00,https://superfit.com.tw/,SuperFIT矢志於幫助人們達成健康勻稱的體態，藉由改善不健康的飲食習慣，結合運動指導達到個人塑身最佳化的理想效果。 動滋券適用品項：,
IGYM 愛健身萬大館,108 臺北市萬華區萬大路200號地下樓,營業電話：0223321688,營業時間：平日7:00-23:00  假日7:00-23:00,http://www.igym.com,採用頂級MATRIX 健身器材、Crossfit區域，並有私人教練一對一教學。場館健身區多為自然採光，乾淨、明亮、舒適。 館內皆有教練可詢問重量訓練、阻力訓練、 TRX 懸吊式訓練、心肺運動、 有氧運動等相關資訊，提供您專業健身知識與器材正確使用姿勢，由於自行重訓的受傷案例時有所聞，因此建議為自己找一位專業的私人教練，增加健身目標的進度與效果。 動滋券適用品項：運動場館-健身,
Pulse Gym 台北中山店,103 臺北市大同區南京西路30號2樓,營業電話：0225522892,營業時間：週一到週日 AM10:00~PM11:00,https://www.pulsegym.com.tw/,KAHOTEK嘉和智能科技旗下Pulse Gym 健身房，以科技智慧大健康的理念推進健身房，定位與傳統健身產業區隔，透過教練的運動專業，服務的溫暖，將冰冷的科技暖化並系統化融入顧客的健康生活中，展現專業、溫暖、親切、趨勢特點，在健身健康產業中扮演先驅者的角色。 動滋券適用品項：,
Jungle Center叢零體適能中心,105 臺北市松山區公園路258號405,營業電話：0227668966,營業時間：12:00-21:00,https://accessibility.moda.gov.tw/Applications/Detail?category=20220622172837,┎━━━━━━━┒ 隨心所欲，叢零開始 ┖━━━━━━━┚ 座落於台北市松山區的「Jungle叢零」，為全台最大的”體適能培訓旗艦中心”，不只見樹，更讓我們看見多元叢林。整合體適能、普拉提與禪柔的高規格培訓設備，創造多元平台，讓我們可以隨心所欲地享受，優化我們在運動表現上的感官體驗。 邁向健康的道路有很多種，藉由體適能、普拉提跟禪柔，如同叢林物種富饒多元，共生、共存且共榮；就如同我們的使命『叢零開始扎根，讓健康就此萌芽』。 ┎━━━━━━━━┒ 因防疫而生的運動空間 ┖━━━━━━━━┚ 疫情的影響，已不可抹滅，後疫情世代，提升自我免疫力更不容小覷，為了讓運動更安心，更放心，我們不惜斥資千萬，讓位於大地之母的Jungle，充滿沁人心脾的甘美空氣。除了獨立空氣清淨設備與全時段濕度控制，還配有紫光殺菌，甚至連輔具都選用AIREX特殊材料製成，達到抗菌、抑菌的目的。 動滋券適用品項：,
社團法人台灣世界少棒聯盟會,114 臺北市內湖區民權東路6段11巷39-1號5樓,營業電話：0227911991,營業時間：週一至周五 9:30-17:30,https://www.tllb.org.tw/,"簡稱:台灣世界少棒聯盟或TLLB 為世界少棒聯盟（Little League Baseball）總會於台灣區之官方認證分區組織。 自2022年起，負責台灣區Little League Baseball（LLB）所有事務， 包含台灣地區LLB及社區棒球推廣、球隊登錄、選拔賽…等。 動滋券適用品項：協會_其他體育運動協會,辦比賽",
Curves可爾姿芝山文林店,111 臺北市士林區蘭興里文林路７６２號２樓,營業電話：0228370020,營業時間：週一~週五14:30-20:30；週六10:00-13:00,https://www.curves.com.tw/,Curves是專為女性設計的30分鐘環狀運動。 我們提供給女性簡單、快速又有效的運動方式， 透過有氧+肌力+伸展三合一的完整訓練， 在女性教練的陪伴之下，輕鬆養成運動習慣， 讓妳更健康、更自信、更快樂 ，是妳開始運動的第一選擇。 *免費預約體驗 https://www.curves.com.tw/ *免費預約專線 (02)28370020 *店家保留最終活動抵扣服務、商品之解釋權利。 動滋券適用品項：,
中華武術總會,105 臺北市松山區八德路三段120號11樓,營業電話：0225793100,營業時間：每周一至周五早上9:00-17:30,https://www.taiwankungfu.org.tw/index.html,民國78年(西元1989年)9月30日，由武學耆老黃善德先生與多位愛好中華武術武學者所共同發起成立的武術性質團體，其發起單位為臺北市國術會。,
300壯士跨時健身中心-西門店,108 臺北市萬華區福星里漢口街二段73號地下,營業電話：0223319777,營業時間：24小時,https://accessibility.moda.gov.tw/Applications/Detail?category=20220622172837,為了健康很多人將運動養成習慣 尋求減壓放鬆 除非您不在意健康 否則從今天起您一定要認識300壯士跨時代健身中心 我們24小實為您服務 動滋券適用品項：,
巧姿瑜珈企業社,100 臺北市中正區懷寧街74號7樓,營業電話：0223616699,營業時間：9:00-21:00,https://accessibility.moda.gov.tw/Applications/Detail?category=20220622172837,"主要內容前往主要內容
			
			
				
					
						
							
								
									
									動滋網
								
							
						
					
					
						
							
								
									
										
											 首頁首頁
											
											動滋說明動滋說明
											合作店家合作店家
											我的青春動滋券我的青春動滋券
											網站導覽網站導覽
											|
											優惠店家專區優惠店家專區
											課程專區課程專區
											合作店家登入合作店家登入
											
											合作店家收券掃票機
										
									
								
								
									主選單",
黑蝙蝠速度溜冰隊,115 臺北市南港區南港區東明街5號,營業電話：0926352736,營業時間：11:00~22:00,https://tpblackbat.org/,本團隊主要訓練速度型選手，總教練更是國家A級裁判、國家級教練，針對不同速度型選手給予不同的建議以及指導。 本團隊不僅在賽場上有優異的表現，曾經在2017國慶大典代表中華電信進行遊行以及2018年元旦升旗表演、2019年元旦遊行、2020年台北燈節…等等大型活動，更是許多媒體的新寵兒。 總教練堅持不斷的創新、改變，帶著對於滑輪溜冰的熱情，致力推廣滑輪溜冰。 我們相信，唯有努力不懈，才有更好的未來。 動滋券適用品項：傳播媒體,
Dr.Stretch,103 臺北市大同區承德路一段一號,營業電話：21828888,營業時間：AM11-PM9,https://accessibility.moda.gov.tw/Applications/Detail?category=20220622172837,"主要內容前往主要內容
			
			
				
					
						
							
								
									
									動滋網
								
							
						
					
					
						
							
								
									
										
											 首頁首頁
											
											動滋說明動滋說明
											合作店家合作店家
											我的青春動滋券我的青春動滋券
											網站導覽網站導覽
											|
											優惠店家專區優惠店家專區
											課程專區課程專區
											合作店家登入合作店家登入
											
											合作店家收券掃票機
										
									
								
								
									主選單",
臺北市內湖運動中心,114 臺北市內湖區洲子街12號,營業電話：0226562869,營業時間：06:00-22:00,https://nhsc.cyc.org.tw/,"館內設施有游泳池、健身房、兒童體適能館、籃球場、壁球場、桌球場、撞球場及羽球場等運動設施。另有各項專業運動課程，歡迎所有愛好運動的民眾。 動滋券適用品項：運動場館-瑜珈,運動場館-綜合運動中心,運動場館-樂齡/兒童綜合體適能(含親子場館),球類_羽球,球類_籃/排球,球類_桌球,球類_撞球,球類_其他球類,水域運動_游泳,戶外運動類_攀岩","動滋券適用品項：運動場館-瑜珈,運動場館-綜合運動中心,運動場館-樂齡/兒童綜合體適能(含親子場館),球類_羽球,球類_籃/排球,球類_桌球,球類_撞球,球類_其他球類,水域運動_游泳,戶外運動類_攀岩"
瘋桌遊大安店,106 臺北市大安區通化街28巷2號1樓,營業電話：0227036003,營業時間：14:00~22:00、週日14:00~20:00  (週二、週四公休),https://www.phantasia.tw/booking/index/2,歡迎光臨❤️瘋桌遊大安店！我們是一家專門提供桌上遊戲的店家，讓您和朋友們在桌面上盡情展開精彩的遊戲競技。,
驊采整合行銷股份有限公司,104 臺北市中山區建國北路一段71號4樓,營業電話：0287722055,營業時間：0900-1800,https://accessibility.moda.gov.tw/Applications/Detail?category=20220622172837,"運動賽會及活動行銷公關舉辦。 近期舉辦過： 第11屆【2023臺灣國際觀鳥馬拉松】 2023美利達兆豐銀行彰化經典百K 動滋券適用品項：戶外運動類_馬拉松/路跑,戶外運動類_自由車","動滋券適用品項：戶外運動類_馬拉松/路跑,戶外運動類_自由車"
虹約健康專業核心運動訓練中心,106 臺北市大安區羅斯福路二段41號6樓之1,營業電話：0223918933,營業時間：週一至週五 9:00-21:00、週六 9:00-17:00,https://www.irisdream.com.tw/index.asp,◎ 企業理念： 虹約健康企業社以將全方位健康概念提供給大眾為服務宗旨，以追求「全民健康」為目標。虹約全體員工均經過專業培訓，致力於提供最正確的健康資訊及醫療級的專業服務。虹約所提供優質、專業的運動課程及相關商品，以期讓人人能夠「加強核心肌群，打造完美身形，享受健康人生」。 ◎ 服務內涵包括： 核心運動的推廣與教學、師資培訓與派遣、提供身體/姿態評估及健康諮詢、與企業合作提供健康職場規劃諮詢與服務、健康生活相關商品之經銷與代購、健康資訊出版業等。 ◎ 『 虹約 』的企業識別以彩虹為主體，並佐上幸福的色彩，代表著與國人一同追求健康平安喜樂的彩虹約定為目標。 動滋券適用品項：其他_運動舞蹈,
高菖國際企業有限公司,111 臺北市士林區忠誠路一段21號,營業電話：0228352101,營業時間：12:00-21:00,https://www.columbuscycling.net/,本店為捷安特績優經銷商，於天母地區在地經營三十年的資深經驗，始終秉持永續經營的理念服務廣大車友。提供最專業的維修調校、諮詢服務及完整的各大品牌周邊商品 動滋券適用品項：,
桃園領航猿籃球隊,114 臺北市內湖區新湖一路218號3樓,營業電話：0277350888,營業時間：0900-1700,https://pyct-basketball.com.tw/,璞園建築團隊於2020年加入P. League+台灣職業籃球聯盟，並成立「桃園領航猿」籃球隊，發展屬地主義，與桃園在地結合。 動滋券適用品項：,
閃動格子 台北旗艦店,104 臺北市中山區德惠街23號地下樓,營業電話：0266057090,營業時間：每天 09:00-23:00,https://www.cybercube.com.tw/,"《閃動格子》的故事充滿了激情和創新的精神。我們的根基來自於《光穹遊戲》，光穹在2018年以 ""Spotlight Yourself"" 為核心理念， 致力於為玩家提供高品質的遊戲體驗。光穹遊戲的創立初衷是讓每一位玩家能夠親手創造獨特的回憶，透過精緻的劇情和充滿情感的遊戲內容，讓玩家彷彿身臨其境，深度沉浸於遊戲的世界中。 隨著時間的推移，光穹遊戲逐漸積累了豐富的遊戲設計經驗，並且對玩家需求有了更深入的了解。在這樣的基礎上，2023年底，光穹遊戲踏上了一段全新的冒險旅程。 我們融合了創辦人們的專業優勢以及多年來所積累的豐富知識，成立了全新的子公司 ——《閃動格子》。 《閃動格子》是台灣首家融合感應式LED地磚和體感遊戲的創新公司。我們的遊戲系統以賽博龐克風格為主題，通過感應地磚為玩家提供前所未有的多人挑戰體驗。 這款遊戲獨具匠心，玩家在不同顏色的感應磚上跳躍和奔跑，挑戰各種關卡。遊戲不僅考驗玩家的反應速度，還融合了運動和視覺享受，帶來一種全新的刺激和娛樂體驗。 《閃動格子》的誕生，既是光穹遊戲理念的延續，也是一個全新的創新篇章。我們希望透過這款獨特的體感互動遊戲， 為玩家們帶來更多激動人心的冒險與挑戰，並繼續陪伴每一位玩家，共同探索和創造屬於自己的難忘故事。 動滋券適用品項：其他_其他",
珕體能工作室,114 臺北市內湖區成功路五段79號1樓,營業電話：0226307765,營業時間：預約制,https://accessibility.moda.gov.tw/Applications/Detail?category=20220622172837,"主要內容前往主要內容
			
			
				
					
						
							
								
									
									動滋網
								
							
						
					
					
						
							
								
									
										
											 首頁首頁
											
											動滋說明動滋說明
											合作店家合作店家
											我的青春動滋券我的青春動滋券
											網站導覽網站導覽
											|
											優惠店家專區優惠店家專區
											課程專區課程專區
											合作店家登入合作店家登入
											
											合作店家收券掃票機
										
									
								
								
									主選單",
sofit,104 臺北市中山區臺北市 中山區 江寧里民權東路３段２號１５樓,營業電話：0277259899,營業時間：9:00-22:00,https://accessibility.moda.gov.tw/Applications/Detail?category=20220622172837,人生旅途中，面對鎖事不斷的家務，壓力繁重的工作，難免疲倦、感到不耐、偶爾迷惘，希望能在城市中找到一隅綠洲，可以大叫狂舞，也能恣意放鬆，感受自在歡愉，補充生命能量，那就來SoFit，一起忘情揮灑吧! 挑戰自我極限，提升身心強度，感受正向能量，來SoFit發現新的自己。 動滋券適用品項：,
MOTIVACTION恆動,110 臺北市信義區仁愛路四段518號,營業電話：0227208289,營業時間：一到五9:00-21:00,https://page.motivaction518.com/,器械皮拉提斯訓練動作控制 紅繩懸吊解決動作控制代償問題 一對一/一對二/多元小班團課 物理治療師帶領專業國際認證師資團隊 動滋券適用品項：運動保健,
HiFIT運動空間,106 臺北市大安區復興南路一段125號3樓,營業電話：0287733770,營業時間：10:00~22:00,https://www.hifit2016.com,"主要內容前往主要內容
			
			
				
					
						
							
								
									
									動滋網
								
							
						
					
					
						
							
								
									
										
											 首頁首頁
											
											動滋說明動滋說明
											合作店家合作店家
											我的青春動滋券我的青春動滋券
											網站導覽網站導覽
											|
											優惠店家專區優惠店家專區
											課程專區課程專區
											合作店家登入合作店家登入
											
											合作店家收券掃票機
										
									
								
								
									主選單",
心育瑜珈教室,104 臺北市中山區龍江路329號2F,營業電話：0925513503,營業時間：依課表上課時間營業,https://accessibility.moda.gov.tw/Applications/Detail?category=20220622172837,小班制的運動環境讓每位老師都可以幫助你調整到最有感的位置! 一起來心育大爆汗吧 (有伸展瑜珈，空中瑜珈，懸吊訓練， 肌力訓練等等....) 動滋券適用品項：運動場館-瑜珈,
皇朝國際旅行社股份有限公司,104 臺北市中山區長安東路2段181號4樓之1,營業電話：0287736060,營業時間：9:00-18:30,https://www.iplaytrip.com/,穿越過無數深潭與峽谷...溯溪，來到了一般人無法抵達的地方。 攀過層層樹冠，在樹梢上享受著很美好午茶時光。 踏過台灣各地大街小巷的愛玩家，只為了一個目的，獲得心裡最真切的感動。 動滋券適用品項：,
中華民國棒球協會,114 臺北市內湖區安康路22巷33號4樓,營業電話：27931828,營業時間：09:00-17:00,http://www.ctba.org.tw/index.php,中華民國棒球協會成立於民國62年2月28日，成立宗旨為發展棒球運動、辦理全國性及國際性棒球賽會，藉以提高技術水準、增進國民健康及發揚運動精神。,
Sunvis陽光活力中心,104 臺北市中山區松江路122號B1,營業電話：0225622128,營業時間：週一至週五，上午十點至晚上九點；週六上午十點至下午五點；週日休館,https://www.sunshine.org.tw/service/area/sunvis,專為中高齡及亞健康族群設計的運動服務，由醫師、治療師、運動教練組成的訓練團隊，提供肌力訓練、瑜伽、皮拉提斯、拳擊有氧等運動課程。有團體課及私人教練課等。 動滋券適用品項：運動場館-樂齡/兒童綜合體適能(含親子場館),
中華運動競技教育發展協會,104 臺北市中山區農安街227巷28號3樓,營業電話：0225234668,營業時間：10:00-16:00,https://jeunesse.race8.net/,提供基層選手交流球技，體驗羽球運動/競技所帶來的樂趣與成就感，並進一步帶動全家（父母親）對羽球運動的參與，培養親子間共同的興趣，創造難忘的回憶，以邁向全民健康運動的目標。 動滋券適用品項：,
星球體能工作室,103 臺北市大同區承德路3段61號3樓,營業電話：0989163903,營業時間：0800-2200,https://www.instagram.com/planetsport_studio/,"運動教室，提供TRX、肌力有氧、空中瑜珈多種課程 動滋券適用品項：運動場館-樂齡/兒童綜合體適能(含親子場館),其他_跳繩",
Curves 可爾姿南京復興店,104 臺北市中山區南京東路三段208號5樓,營業電話：0227118908,營業時間：週一~週五10:00-13:30&15:30-21:00/週六 10-13:00,https://www.curves.com.tw,"Curves是專為女性設計的30分鐘環狀運動。 我們提供給女性簡單、快速又有效的運動方式， 透過有氧+肌力+伸展三合一的完整訓練， 在女性教練的陪伴之下，輕鬆養成運動習慣， 讓妳更健康、更自信、更快樂 ，是妳開始運動的第一選擇。 *免費預約體驗 https://www.curves.com.tw/ *預約專線：27118908 *請提前主動告知使用""政付優惠券"", 店家保留最終活動抵扣服務、商品之解釋權利。 動滋券適用品項：",
舞動陽光關渡國小運動中心,112 臺北市北投區一德里中央北路四段５８１號,營業電話：0228912847,營業時間：周一至周五>18:00-22:00    周六及周日>08:00-22:00,https://accessibility.moda.gov.tw/Applications/Detail?category=20220622172837,(捷運關渡站2號出口步行約5分鐘) 室內溫水游泳池全年對外開放、綜合球場、停車場24H小時對外開放。 門票: 半 票50元(關渡國小持學生證、7歲以下及65歲以上民眾) 優待票80元(持有學生證之學生) 全 票100元(一德里里民8折) 羽球:早場300元/時 晚場400元/時 『停車』 開放時間:24小時 每小時20元 汽車月租3000元/月 動滋券適用品項：,
橘子貓瑜珈-文山館,116 臺北市文山區羅斯福路六段107號,營業電話：0229343589,營業時間：週一至週五 9:00~18:00,https://tttrips.com/themes/yoga,橘子貓瑜珈願和所有愛好瑜珈，學習瑜伽、生活在瑜珈裡的夥伴們，一起在瑜珈世界裡探索。以「瑜珈」這把鑰匙，開啟共同生命的美好大門。 動滋券適用品項：,
貓牛瑜伽 Bidala Go Yoga Studio,104 臺北市中山區五常街97號一樓,營業電話：0978944908,營業時間：預約制,https://accessibility.moda.gov.tw/Applications/Detail?category=20220622172837,"主要內容前往主要內容
			
			
				
					
						
							
								
									
									動滋網
								
							
						
					
					
						
							
								
									
										
											 首頁首頁
											
											動滋說明動滋說明
											合作店家合作店家
											我的青春動滋券我的青春動滋券
											網站導覽網站導覽
											|
											優惠店家專區優惠店家專區
											課程專區課程專區
											合作店家登入合作店家登入
											
											合作店家收券掃票機
										
									
								
								
									主選單",
晴乒乓桌球教室,105 臺北市松山區南京東路三段331號地下一層,營業電話：0227128656,營業時間：周一~周五  12:00 - 21:00,https://accessibility.moda.gov.tw/Applications/Detail?category=20220622172837,台北小巨蛋旁桌球教室，提供專業乒乓球課程 兒童/國中/高中/團體/一對一/夏令營 體驗課教學 哈達瑜珈 專業教練 企業包班 動滋券適用品項：,
TMMA 台北格鬥運動館 內科館,114 臺北市內湖區內湖路一段411巷10-2號,營業電話：02-2658-1177,營業時間：週一~週五 10:00~22:00、週六~週日 10:00~19:00,http://www.tmma.com.tw,TMMA致力將格鬥運動帶入生活，授課風格活潑生動，讓學員循序漸進增強自信及實力。達到健身、塑身、防身的效果。藉此開創大眾對格鬥運動全新的感受與經驗。 動滋券適用品項：格鬥類_柔道/空手道/跆拳道/拳擊/國術/武術,動滋券適用品項：格鬥類_柔道/空手道/跆拳道/拳擊/國術/武術
Gogofly,110 臺北市信義區忠孝東路五段478號5樓,營業電話：0227293665,營業時間：每日,https://www.fttw.com.tw/page/flight/,來到花蓮，除了去太魯閣、七星潭、農場、賞鯨，你還能有什麼選擇？ 當然要試試現在最潮、最酷、最帥的自己開飛機囉！,
鍛鍊基地,104 臺北市中山區台北市中山區長春路410號2樓,營業電話：0922556600,營業時間：9:30~21:30,https://accessibility.moda.gov.tw/Applications/Detail?category=20220622172837,訓練紮根，循序漸進的獲得健康與強壯；Base還有基地、據點的意思，是我們的核心價值，代表著我們群體的每位學員，都是志同道合的夥伴，在Workout Base齊聚一堂，一同吶喊、一同流汗、一同邁向健康。 動滋券適用品項：運動場館-健身,
中華民國體育運動舞蹈總會,104 臺北市中山區朱崙街20號806室,營業電話：0287711501,營業時間：10:00~18:00,http://www.ctdsf.org.tw/,本會以推廣體育運動舞蹈，以達正當休閒體育運動之全民化，提昇我國體育運動舞蹈之水準，並淨化社會風氣為宗旨。 動滋券適用品項：,
海猿潛水俱樂部,104 臺北市中山區民權東路2段92巷1弄16號1樓,營業電話：0987895995,營業時間：09:30~18:00,https://accessibility.moda.gov.tw/Applications/Detail?category=20220622172837,潛水的目的不是只有打漁跟獵殺~ 海猿潛水俱樂部的宗旨:1:把美麗的海洋世界介紹給大家 2:讓大家深入的了解海洋 3:提倡正確安全的潛水知識及水上活動守則 海洋並不可怕~可怕的一些不懂裝懂的人及自以為是逞強的人，任何活動都有一定的法則及知識~玩得安全、玩得愉快才叫休閒 營業項目: 潛水教學、潛水旅遊、潛水用品。 動滋券適用品項：,
亞運撞球飛鏢旗艦館,114 臺北市內湖區成功路4段68號地下2樓,營業電話：27908666,營業時間：平日中午12點到零晨2點/假日上午10點營業,https://accessibility.moda.gov.tw/Applications/Detail?category=20220622172837,燈光明亮，場地寬廣，全場16桌Brunswick進口球台，主桌為最新六代球台，1台進口標準三顆星球台，交通便利，位於捷運文湖線內湖站走路3分鐘，鄰近公有停車場。 動滋券適用品項：球類_撞球,動滋券適用品項：球類_撞球
夢想健身師大會館,100 臺北市中正區臺北市 中正區 羅斯福路三段１４０巷２號、２－１號１樓,營業電話：23650123,營業時間：周一-周五 早上9點-晚上10點 週六早上9點-晚上6點,https://accessibility.moda.gov.tw/Applications/Detail?category=20220622172837,"主要內容前往主要內容
			
			
				
					
						
							
								
									
									動滋網
								
							
						
					
					
						
							
								
									
										
											 首頁首頁
											
											動滋說明動滋說明
											合作店家合作店家
											我的青春動滋券我的青春動滋券
											網站導覽網站導覽
											|
											優惠店家專區優惠店家專區
											課程專區課程專區
											合作店家登入合作店家登入
											
											合作店家收券掃票機
										
									
								
								
									主選單",
Curves可爾姿北醫世貿店,110 臺北市信義區莊敬路３２５巷６０號３樓,營業電話：23459995,營業時間：平日11:00~13:30;16:00~21:00，週六10:00~13:00,https://www.curves.com.tw/,"Curves是專為女性設計的30分鐘環狀運動。 我們提供給女性簡單、快速又有效的運動方式， 透過有氧+肌力+伸展三合一的完整訓練， 在女性教練的陪伴之下，輕鬆養成運動習慣， 讓妳更健康、更自信、更快樂 ，是妳開始運動的第一選擇。 *免費預約體驗 https://www.curves.com.tw/ *免費預約專線 02-23459995 *請提前主動告知使用""政付優惠券"", 店家保留最終活動抵扣服務、商品之解釋權利。 動滋券適用品項：運動場館-健身",
迷火佛拉明哥舞坊,105 臺北市松山區南京東路三段303巷8弄3號1樓,營業電話：0227182011,營業時間：週一至週五：11:00-21:30，週六：11:00-17:00,https://accessibility.moda.gov.tw/Applications/Detail?category=20220622172837,舞蹈是人類的原始本能，也是一種原始慾望。 迷火佛拉明哥舞坊的教學，是引導學員用喜悅的心，在生活中舞蹈。跳舞的目的是為了抒發情感，展現肢體的美感，用身體讚頌生命。 動滋券適用品項：其他_運動舞蹈,
夢想體育學院新生公園館,104 臺北市中山區新生北路三段105號1樓,營業電話：0225953997,營業時間：05:30-22:00,https://accessibility.moda.gov.tw/Applications/Detail?category=20220622172837,給你一個懷抱夢想的地方 從小培養；重拾學習 讓我們一起來追逐夢想 找回純真的願望 夢想體育學院 給您- 安全的場地 專業的師資 舒適的環境 還有一個夢想 動滋券適用品項：,
UFCGym Taiwan,106 臺北市大安區臺北市 大安區 安和路一段27號地下二樓,營業電話：0287733772,營業時間：0700-0000,https://www.ufcgym.com.tw,訓練每一天 UFC 冠軍是世界上最訓練有素的運動員，要在 Octagon® 八角擂台比賽中贏得冠軍，每一天的訓練都不能鬆懈，且必須掌握多種兼具高力量高耐力的武術派別！雖然他們所長的技能各有不同，但只要擁有堅定的決心，在每一次挫折中檢討並重新站起，不論是能力或是意志都從未減弱！ TRAIN DIFFERENT® 正是從這種強烈求勝的心態中萌生：UFC GYM 透過了解每一位 UFC Fighter，深入分析他們的訓練內容、營養攝取、專項技術顧問及教練，綜合多面相的專業知識提供給每一位運動員最佳的菁英培訓方案！,
捷安特,106 臺北市大安區信義路三段102號,營業電話：0227000788,營業時間：11:00-21:00,https://accessibility.moda.gov.tw/Applications/Detail?category=20220622172837,"主要內容前往主要內容
			
			
				
					
						
							
								
									
									動滋網
								
							
						
					
					
						
							
								
									
										
											 首頁首頁
											
											動滋說明動滋說明
											合作店家合作店家
											我的青春動滋券我的青春動滋券
											網站導覽網站導覽
											|
											優惠店家專區優惠店家專區
											課程專區課程專區
											合作店家登入合作店家登入
											
											合作店家收券掃票機
										
									
								
								
									主選單",
G-SQUARE 健身中心,106 臺北市大安區臺北市大安區光復南路180巷2號2樓,營業電話：27119556,營業時間：9:00~21:00,https://accessibility.moda.gov.tw/Applications/Detail?category=20220622172837,巨平方是引進先進訓練設備與健身系統的健身房。 從增肌減脂、年長者訓練到運動表現等目標，全面提升你的體適能，更自信地追求人生。 動滋券適用品項：,
菲特邦健康管理,104 臺北市中山區中山北路二段77巷14號三樓,營業電話：0921446338,營業時間：09:00-18:00,https://accessibility.moda.gov.tw/Applications/Detail?category=20220622172837,菲特邦健康管理，專精於中高齡健康促進課程，於台北中山區、台北大安區及台東共設有3處中高齡專門運動空間；另針對中高齡、身心障礙、企業團體、學童等族群，提供行動教室服務，派任專業師資到府提供運動課程指導、諮詢與培訓。合作夥伴包括各縣市體育、衛生、社會等局，及民間銀髮機構、基金會、醫院、私人企業、學校等。自2013年起，已服務超過3000個據點及單位、15個縣市、10萬名學員。 動滋券適用品項：,
Flow心流抱石館,114 臺北市內湖區瑞光路258巷55號1樓,營業電話：26576006,營業時間：平日12:00-23:00/假日10:00-19:00,https://accessibility.moda.gov.tw/Applications/Detail?category=20220622172837,"主要內容前往主要內容
			
			
				
					
						
							
								
									
									動滋網
								
							
						
					
					
						
							
								
									
										
											 首頁首頁
											
											動滋說明動滋說明
											合作店家合作店家
											我的青春動滋券我的青春動滋券
											網站導覽網站導覽
											|
											優惠店家專區優惠店家專區
											課程專區課程專區
											合作店家登入合作店家登入
											
											合作店家收券掃票機
										
									
								
								
									主選單",
芳鄰健身景美店,116 臺北市文山區羅斯福路六段130號B1,營業電話：0277032559,營業時間：07:00~00:00,https://accessibility.moda.gov.tw/Applications/Detail?category=20220622172837,芳鄰健身提供各式新穎的健身器材，以及明亮、乾淨的空間，適合各年齡層的團體及專業課程，是您闔家運動的最佳場所。 動滋券適用品項：,
ATTACKLINE CLUB 三米線排球俱樂部 - 內湖館,114 臺北市內湖區新湖二路146巷19號7樓,營業電話：0918318128,營業時間：14:00-22:30,https://accessibility.moda.gov.tw/Applications/Detail?category=20220622172837,"主要內容前往主要內容
			
			
				
					
						
							
								
									
									動滋網
								
							
						
					
					
						
							
								
									
										
											 首頁首頁
											
											動滋說明動滋說明
											合作店家合作店家
											我的青春動滋券我的青春動滋券
											網站導覽網站導覽
											|
											優惠店家專區優惠店家專區
											課程專區課程專區
											合作店家登入合作店家登入
											
											合作店家收券掃票機
										
									
								
								
									主選單",
PINYOGA,114 臺北市內湖區文德路210巷8號,營業電話：0987208326,營業時間：9:00-21:30,https://accessibility.moda.gov.tw/Applications/Detail?category=20220622172837,"2009年我們接觸了瑜伽, 在瑜伽的練習中,我們了解了自己的身體, 及找到我們姊妹共同的興趣及事業. 2015年我們成立了一間小而溫馨的 YOGA STUDIO, 希望可以在這個空間, 分享給想做瑜伽或想更了解瑜伽的朋友們. 「瑜伽的核心是呼吸。」 透過瑜伽的練習， 發現生活中有太多無法控制的事， 唯一能控制的就是自己的心。 瑜伽能夠幫助我們的是去探索、 聆聽自身心理的狀態與需求， 透過體位法的練習更瞭解自己的身體的極限， 同時明白，打從心底的自在與平靜, 從來都是不假外求，是內觀。 用愛持續修復和照顧好自己的身、心、靈， 不論外界如何變化，瑜伽墊裡、墊外， 我們都能找到最和平的方式與自己相處。 「內在覺知、生活平衡」 是我們想要傳遞的信念， 身為瑜伽老師職責 是引導學員去覺知內心的善與智慧， 懂得愛自己與愛別人。 我們同時也把瑜伽態度帶入我們的生活之中, 從飲食上的改變及自我內在的檢視. 遵守我們初衷的理念把好的事物分享給大家. 動滋券適用品項：",
原創網路服務股份有限公司,103 臺北市大同區承德路一段48號9樓之二,營業電話：0225585561,營業時間：9~18點,https://www.innosoft.com.tw/InnoSoftWeb/,"主要內容前往主要內容
			
			
				
					
						
							
								
									
									動滋網
								
							
						
					
					
						
							
								
									
										
											 首頁首頁
											
											動滋說明動滋說明
											合作店家合作店家
											我的青春動滋券我的青春動滋券
											網站導覽網站導覽
											|
											優惠店家專區優惠店家專區
											課程專區課程專區
											合作店家登入合作店家登入
											
											合作店家收券掃票機
										
									
								
								
									主選單",
小岩館,111 臺北市士林區臺北市 士林區 三玉里忠誠路２段１２號１樓,營業電話：0228347217,營業時間：各店營業時間不同，請上FB查詢,https://www.thelittlerock.com.tw/,小岩館有天母店及內湖店二家分店： 天母店位於忠誠路及德行東路口附近，是一個通風良好，採光明亮，適合初學者及親子的攀爬空間。這裡有適合新手攀爬的環境，有新奇好玩的互動遊戲，全館將近五十條路線，喚醒你的攀爬本能，大家來挑戰！,
常常好食健康制作所,106 臺北市大安區信義路2段130號4樓,營業電話：0223582356,營業時間：10:00-20:00,https://www.healthydiet.com.tw/products/%E5%A4%A7%E5%AE%89%E5%8D%80%E7%91%9C%E7%8F%88%E6%95%99%E5%AE%A4,"主要內容前往主要內容
			
			
				
					
						
							
								
									
									動滋網
								
							
						
					
					
						
							
								
									
										
											 首頁首頁
											
											動滋說明動滋說明
											合作店家合作店家
											我的青春動滋券我的青春動滋券
											網站導覽網站導覽
											|
											優惠店家專區優惠店家專區
											課程專區課程專區
											合作店家登入合作店家登入
											
											合作店家收券掃票機
										
									
								
								
									主選單",
訓練營地,112 臺北市北投區大同街19號,營業電話：28931300,營業時間：0900-2200,https://accessibility.moda.gov.tw/Applications/Detail?category=20220622172837,"主要內容前往主要內容
			
			
				
					
						
							
								
									
									動滋網
								
							
						
					
					
						
							
								
									
										
											 首頁首頁
											
											動滋說明動滋說明
											合作店家合作店家
											我的青春動滋券我的青春動滋券
											網站導覽網站導覽
											|
											優惠店家專區優惠店家專區
											課程專區課程專區
											合作店家登入合作店家登入
											
											合作店家收券掃票機
										
									
								
								
									主選單",
Eros fitness,106 臺北市大安區復興南路一段150號2樓,營業電話：0227754789,營業時間：09:30~22:30,https://www.instagram.com/erosfitness_fx/,【一對一教練課】 【小團體包班】 【企業包班】 肌力團課/空中瑜伽/芭蕾雕塑/皮拉提斯 ↓ 線上團課➝ @eroslive_tw 【一對一教練課】體驗表單⬇️ 動滋券適用品項：,
iDance Studio,105 臺北市松山區基隆路一段8號14樓,營業電話：0987630120,營業時間：24hr,https://www.youtube.com/@idancestudiotw,iDance Studio. 🇹🇼 致力於流行舞蹈文化 以街舞為核心 提供豐富的舞蹈教學 舒適安全的教室環境 由淺入深漸進式教學 帶領您輕鬆學習跳舞 更為全台灣YouTube流量最高之舞蹈頻道 i Define What i Dance 歡迎和我們一起跳舞. 動滋券適用品項：,
南門桌球訓練中心,100 臺北市中正區南昌路1段114號B1,營業電話：886925762660,營業時間：11：00-22：00,https://accessibility.moda.gov.tw/Applications/Detail?category=20220622172837,"主要內容前往主要內容
			
			
				
					
						
							
								
									
									動滋網
								
							
						
					
					
						
							
								
									
										
											 首頁首頁
											
											動滋說明動滋說明
											合作店家合作店家
											我的青春動滋券我的青春動滋券
											網站導覽網站導覽
											|
											優惠店家專區優惠店家專區
											課程專區課程專區
											合作店家登入合作店家登入
											
											合作店家收券掃票機
										
									
								
								
									主選單",動滋券適用品項：球類_桌球
日本伊藤萬游泳學校-台北艋舺校,108 臺北市萬華區西園路2段320巷55弄3號B1-2,營業電話：0223071700,營業時間：09:00~21:00,https://www.itoman.com.tw/,全球連鎖泳校、游泳教學的第一大品牌，提供「親子嬰兒游泳課程」、「兒童游泳課程」、「成人游泳課程」、「寒暑訓班」。專為游泳教學所建造的教學環境，採淨水消毒設施， 一年四季恆溫。目前在全台共有13間分校，含台北艋舺校、北投陽明校、新北景新校、新莊中正校、中壢車站校、新竹竹蓮校、科園實中校、竹北道禾校...等分校。 動滋券適用品項：,
超力達工作室,112 臺北市北投區北投區大同街137號一樓,營業電話：0913299211,營業時間：8.00-20.00,https://accessibility.moda.gov.tw/Applications/Detail?category=20220622172837,"主要內容前往主要內容
			
			
				
					
						
							
								
									
									動滋網
								
							
						
					
					
						
							
								
									
										
											 首頁首頁
											
											動滋說明動滋說明
											合作店家合作店家
											我的青春動滋券我的青春動滋券
											網站導覽網站導覽
											|
											優惠店家專區優惠店家專區
											課程專區課程專區
											合作店家登入合作店家登入
											
											合作店家收券掃票機
										
									
								
								
									主選單",
國榮桌球(大安館),106 臺北市大安區台北市和平東路2段49-1號B1,營業電話：0227075899,營業時間：14:30-21:00,https://accessibility.moda.gov.tw/Applications/Detail?category=20220622172837,★雙北的朋友們 快拿 #動滋券 來國榮桌球動滋動★ 你/妳還在思考動滋券要花去哪嗎？來，來，來！全家運動的好所在，就在國榮桌球！ 11/1日起使用動滋券來國榮打桌球 #上一堂送一堂！再加送你場地券喔！,
FMC健身空間,114 臺北市內湖區東湖路11號二樓,營業電話：0226341917,營業時間：週一到週五12:00~22:00週六週日10:00~19:00,https://accessibility.moda.gov.tw/Applications/Detail?category=20220622172837,FMC為服務台北東湖、基隆的優質私人教練團隊。 團隊教練皆擁有國際4大專業證照，我們定期自我提升，對於賦予學員健康、安全的運動充滿熱情，並且透過真正的科學化訓練讓您獲得改變。 動滋券適用品項：,
植健身,104 臺北市中山區中山北路一段33巷25號,營業電話：0225221152,營業時間：0900-2300,http://fitplantgym.com/,「植健身 Fit Plant Gym」成立於2018年，為專業體適能訓練機構， 專營各類健身指導課程並以提供優質運動環境。 大樹教官業界深耕十餘年，致力於網羅業內最富教學經驗之專業體適能教練， 教學項目含括一般阻力/重量訓練、徒手訓練、各式如TRX、壺鈴、啞鈴、槓鈴、有氧、機械式器材等， 每位教練皆擅長以深入淺出的方式教授，富有耐心且絕不強迫推銷， 其專業實務經驗、教學技巧、人格、負責任等皆經過嚴格篩選， 教學品質及口碑皆為業界之最。 長年來服務過的客層從14歲到94歲、初學入門者及進階研修者皆包含其中。 動滋券適用品項：,
iRun跑陸上競技專賣店,104 臺北市中山區民權東路3段31號1樓,營業電話：0225176030,營業時間：12:00-20:00,http://www.irun.com.tw,"主要內容前往主要內容
			
			
				
					
						
							
								
									
									動滋網
								
							
						
					
					
						
							
								
									
										
											 首頁首頁
											
											動滋說明動滋說明
											合作店家合作店家
											我的青春動滋券我的青春動滋券
											網站導覽網站導覽
											|
											優惠店家專區優惠店家專區
											課程專區課程專區
											合作店家登入合作店家登入
											
											合作店家收券掃票機
										
									
								
								
									主選單",
輪上的孩子,111 臺北市士林區重慶北路四段180號,營業電話：0913122633,營業時間：1400-2200,https://accessibility.moda.gov.tw/Applications/Detail?category=20220622172837,專業花式溜冰訓練教學，販售專業「並排花式溜冰」器材與週邊配件，休閒至選手等級的器材皆有，另有練習、比賽冰裝設計製作 動滋券適用品項：,
榮星花園泳池,104 臺北市中山區建國北路3段39號,營業電話：0225079366,營業時間：05:30-22:00 (健身房08:00-22:00),https://rxsp.teamxports.com/,"榮星花園游泳池於111年7月15日重新開幕，以游泳為主要推動運動專項，搭配體適能、有氧團課等熱門休閒運動，規劃一系列的運動課程、里民回饋活動等，融入周邊地區居民的運動生活，提供更新穎、更活力的運動場域。 動滋券適用品項：運動場館-瑜珈,運動場館-綜合運動中心,水域運動_游泳,戶外運動類_鐵人三項","游泳,戶外運動類_鐵人三項"
Curves可爾姿天母店,111 臺北市士林區臺北市 士林區 天玉里天母西路３號３樓之１１,營業電話：0228766108,營業時間：請見官網上公告之營業時間,https://www.curves.com.tw/,"Curves是專為女性設計的30分鐘環狀運動。 我們提供給女性簡單、快速又有效的運動方式， 透過有氧+肌力+伸展三合一的完整訓練， 在女性教練的陪伴之下，輕鬆養成運動習慣， 讓妳更健康、更自信、更快樂 ，是妳開始運動的第一選擇。 *免費預約體驗 https://www.curves.com.tw/ *免費預約專線 (02-2876-6108) *請提前主動告知使用""政付優惠券"", 店家保留最終活動抵扣服務、商品之解釋權利。 動滋券適用品項：",
ibon售票系統,110 臺北市信義區東興路61號5樓,營業電話：0287523999,營業時間：0900-1800,https://ticket.ibon.com.tw/,提供運動賽事職棒、職籃、兒童體能體驗等相關門票，於全台統一超商ibon機台或ibon售票系統網路購票 動滋券適用品項：售票平台,
NGU Muay Thai Fitness,106 臺北市大安區臺北市 大安區 仁慈里復興南路１段２４９號２樓,營業電話：0266131213,營業時間：10:30am-10:30pm,https://www.ngumuaythai.com,"主要內容前往主要內容
			
			
				
					
						
							
								
									
									動滋網
								
							
						
					
					
						
							
								
									
										
											 首頁首頁
											
											動滋說明動滋說明
											合作店家合作店家
											我的青春動滋券我的青春動滋券
											網站導覽網站導覽
											|
											優惠店家專區優惠店家專區
											課程專區課程專區
											合作店家登入合作店家登入
											
											合作店家收券掃票機
										
									
								
								
									主選單",
MIXFIT BOXING,100 臺北市中正區漢口街一段47號B1,營業電話：0223110616,營業時間：11:00-22:00,https://accessibility.moda.gov.tw/Applications/Detail?category=20220622172837,MIXFIT BOXING全方位拳擊體能健身中心最大特點主打「拳擊x體能」雙系統訓練課程，由擁有二十五年資歷，教練的教練－國際級金牌拳擊總教官葉俊昌Ren領軍國家級金牌拳擊教練群、國際級體能訓練師專業打造出的全方位訓練計畫。,
圓空間工作室,104 臺北市中山區雙城街18巷8號地下一樓,營業電話：0225995990,營業時間：08:00-23:00,https://circlestudio.mystrikingly.com/,"主要內容前往主要內容
			
			
				
					
						
							
								
									
									動滋網
								
							
						
					
					
						
							
								
									
										
											 首頁首頁
											
											動滋說明動滋說明
											合作店家合作店家
											我的青春動滋券我的青春動滋券
											網站導覽網站導覽
											|
											優惠店家專區優惠店家專區
											課程專區課程專區
											合作店家登入合作店家登入
											
											合作店家收券掃票機
										
									
								
								
									主選單",
Yoshi遊戲體操,114 臺北市內湖區內湖路一段629巷43號,營業電話：0227996299,營業時間：週一至週五：上午9:30-晚上8:30、週六上午9:30-下午5:30,https://accessibility.moda.gov.tw/Applications/Detail?category=20220622172837,3～12歲體操課程： 3-8人為一班，體操器材（地板、單槓、彈翻床、平衡木等）結合循序漸進的課程設計，提升孩子的身體柔軟、協調性、平衡感及動作控制的能力。 3～12歲體操課程： 體操器材（地板、單槓、彈翻床、平衡木等）結合循序漸進的課程設計，提升孩子的身體柔軟、協調性、平衡感及動作控制的能力。,
榮星花園游泳池,104 臺北市中山區建國北路3段39號,營業電話：025079366,營業時間：05:30-22:00 (健身房08:00-22:00),https://rxsp.teamxports.com/,榮星花園游泳池以游泳為主要推動運動專項，搭配體適能、有氧團課等熱門休閒運動，規劃一系列的運動課程、里民回饋活動等，融入周邊地區居民的運動生活，提供更新穎、更活力的運動場域。 動滋券適用品項：戶外運動類_鐵人三項,動滋券適用品項：戶外運動類_鐵人三項
臺北小巨蛋冰上樂園,105 臺北市松山區南京東路4段2號,營業電話：0225783536,營業時間：1000-2100,https://accessibility.moda.gov.tw/Applications/Detail?category=20220622172837,冰上樂園為遊客打造了一方北國冰雪之境，將滑冰樂趣帶入臺灣，也為這個亞熱帶城市帶來全新的運動體驗和生活方式。一般民眾不論任何季節，都可與家人朋友至此健身休閒、舒緩心靈、並聯絡情誼，同享亞熱帶冰宮中的幸福滋味。 動滋券適用品項：,
i-SPORTS 乒乓課桌球教室,104 臺北市中山區北安路657號1樓,營業電話：25338786,營業時間：平日: 14:00 - 10:00假日: 上午9:00 - 下午7:00,https://accessibility.moda.gov.tw/Applications/Detail?category=20220622172837,乒乓客i-SPORTS桌球訓練中心擁有國手級教練師資，並提供客製化且專業的團體和個人桌球課程。 鄰近捷運大直站及台北市中山區永安國小，歡迎桌球愛好者蒞臨參觀。 動滋券適用品項：,
